path	origin_sha256	review_copy_sha256	reason
external_validation/audit_and_results/region_preparation_audit/CAD_L01.json	5b4d7996b32158c943cd9491642733c3ce4af752abc9c217c98666573bcdc3e2	09d93fdac9ac4ddd0c0b8ee5287432fc5f98c22670cd8439e562af8a6261f999	absolute host path replaced for double-blind review
external_validation/audit_and_results/region_preparation_audit/CAD_L02.json	7cb9da41c31f9f15a72110e3dcebbf606600d9bf2d98efe959d9a0b090b8a703	cf5cc1252220d4f95fd8ce7f960dc5ca0e9d333f96d99aca13631c6c3b3f9d7a	absolute host path replaced for double-blind review
external_validation/audit_and_results/region_preparation_audit/CAD_L03.json	6b63c6e24b2bc4f1a5b3455459fd71071198b4bdf4177bd8d3a230821b87df07	0c9b1d45f75618ae34df66168075a5fbb8cd02277e1a984a3b85e1854e625d58	absolute host path replaced for double-blind review
external_validation/audit_and_results/region_preparation_audit/CAD_L04.json	ffb24efa6cf3b734741a978bb347cfe17c9b8e8b1ec0c6bd2a2bb416484b057e	797d059f3c27d66ffa5f7188b9a1e836f0e55654a93d93d9420cd77daa6b738c	absolute host path replaced for double-blind review
external_validation/audit_and_results/region_preparation_audit/CAD_L05.json	87b5f5334afaf932a1c981a44bcf893dfb059af95690393be45a20d6ab3f09f6	ab5c110438ae5aa3f476f0c6419b70015ba5370808521e9487c1d9d9e7df199e	absolute host path replaced for double-blind review
external_validation/audit_and_results/region_preparation_audit/CAD_L06.json	a357ecd02e47b7ad2e7828e26734881e5a53fd011a746f486df375ef8f17fbf2	830f05107be3bce4459c6b9d1b185f9a28f7a8d11dc81b4a09ba61ba310f8bd6	absolute host path replaced for double-blind review
external_validation/audit_and_results/region_preparation_audit/CAD_L07.json	184125ac8b88f66d1c81a0efaaa5e14b8a4012dbf569bf3bf72c17b41f0abba6	8c2d81a9b5ceaa70a732ad6c8fe11664cd2eab8fc8ca9a9f553f247bc3e4fd0f	absolute host path replaced for double-blind review
external_validation/audit_and_results/region_preparation_audit/CAD_L08.json	3863422b39a161429e7d956b5fd074081c50a5ecd81b27ace219261ebcda8a7e	20f29b695dc04c5cc221d897a310b553f415720b3753b61ada58f71a23de7279	absolute host path replaced for double-blind review
external_validation/audit_and_results/region_preparation_audit/CAD_L09.json	8265d3ab7c6d8861535e7a0372d28d3c6735750ba5434e07802c9fdc69ca3634	487bc91143d20a4b7d1a3d32a110185bfc895a2a1cfea910842f3eff1cad5cbb	absolute host path replaced for double-blind review
external_validation/audit_and_results/region_preparation_audit/CAD_L10.json	f1bdc7b53cef22e02b76a1f838880e194272f47f8b07c059906f8c4482559672	1ed3455b668671f9a382c77d7b8a871cd1e9312615aeb5330a2cf5c5f67c86c6	absolute host path replaced for double-blind review
external_validation/audit_and_results/region_preparation_audit/CAD_L11.json	dff5ce4cca9214af1239ab20aca9223f784057287a30d70df8e62e8451e4420a	a5c1155786deffb32b025c1992e71b20dc873d8cb7ba98a815309fafb731a992	absolute host path replaced for double-blind review
external_validation/audit_and_results/region_preparation_audit/CAD_L12.json	a3dc033d2a238ab1cd18565e28619a3ca7292be9b5f06b20309f2168ede27463	f3a1819fe3285fe59d89e6aa12ce8a0f2c77edd4deca640b6bf569e696884cd2	absolute host path replaced for double-blind review
external_validation/audit_and_results/region_preparation_audit/HF_L01.json	51bcc8eeb9db1c0016e10395cd4446de32624cd08a65ce9b521857c44444bc23	c3e104ff9bfb5a15481f988462ae4b2d9e2350a44bf5c49ee0ef9742a63fb44c	absolute host path replaced for double-blind review
external_validation/audit_and_results/region_preparation_audit/HF_L02.json	5202be87e699dca957a810ce2621b8e8c9f81a95eb6e678ef90f6cfca866bc21	97a30c5044466b7d27fde2633e5d33ab23d3a052b95b2aef7abb3c80785ccaf3	absolute host path replaced for double-blind review
external_validation/audit_and_results/region_preparation_audit/HF_L03.json	fa1238d232414bc8334e582f8473b4feb9b2eefd4540c10cc1faed1b502cd5ad	039f11929f2fb0b60a995adcbdc7220f7d8855c8647130e023b5ccac5700ec46	absolute host path replaced for double-blind review
external_validation/audit_and_results/region_preparation_audit/HF_L04.json	17ce66215654de93ea3eb18ed5b6729e7843ae33a55c242c36ddbe3367318518	95fafb633663f400771634b10644ecf8bf918a282f3f77adada012cf35dc419b	absolute host path replaced for double-blind review
external_validation/audit_and_results/region_preparation_audit/HF_L05.json	cd392e7b90bcb77f1492050f6e4a4aa257a8f4ea2120b1f24bde3857364ce8a4	fa48e0f11be3db05b87f5787bd290799b0a045578bce20faaa8d53378523471e	absolute host path replaced for double-blind review
external_validation/audit_and_results/region_preparation_audit/HF_L06.json	2c96053a4abe0f66c30511307a36a5abbb801a3672a2a74ba372c0bdcdc25e5c	512891e13e9076f17609a20231483f2d8ff3c26f085470170ddab684a55a1612	absolute host path replaced for double-blind review
external_validation/audit_and_results/region_preparation_audit/HF_L07.json	538e547426d4b2f6fd3ef4a6f44b3e06cc5ebbe18114f9d1992da29631e08cf5	4010f1750b0bb6803526ba2381af6d4da258e7ff1ce7ef535cccc829539c39c5	absolute host path replaced for double-blind review
external_validation/audit_and_results/region_preparation_audit/HF_L08.json	727d843218ff0c184141a96f5dfacfc68c5b1c224777f2fba4d22a5c3fc62994	63d448d29f5a3e9cbc6487a33c3802eb0983b5ed2bd13f57d945b09273c4f409	absolute host path replaced for double-blind review
external_validation/audit_and_results/region_preparation_audit/HF_L09.json	5b3210883afe794e32590955383a05024bf6b68ce07b16edfcda6a552bdbf6ec	2c51e6a6f4731f2db2918d189282370a7b7d0250189350d4d8e7007b006420f4	absolute host path replaced for double-blind review
external_validation/audit_and_results/region_preparation_audit/HF_L10.json	8063df736f19b937629a6ecd403007b0fb96d705a0b64312aff70249490b92c0	34494376eb78690d81db145e4a12cd8219d2cbf10a21e3f8851311fa23c6e2dc	absolute host path replaced for double-blind review
external_validation/audit_and_results/region_preparation_audit/HF_L11.json	1bcb5f604c6e2af43ba359cfc88116ecfc791f5ec1f536f14dbfda5956317109	b211a5bc4714e3c8489897432008d2586052f8dcef8181437d45ae05cf0a3fe2	absolute host path replaced for double-blind review
external_validation/audit_and_results/region_preparation_audit/HF_L12.json	70bb978da4667091e0d3780269d481e6110aa5f3f08bc8b3ae55b3eb6f936adb	8deb8d1f1eb1c772af32fec48b3e11cd0751b39faaabc2ca871ace6ee793e1a3	absolute host path replaced for double-blind review
external_validation/audit_and_results/source_verification.tsv	0f55cdcf60a3ddfe40d7c49447fb1e33e807ae343c88ebbbd8ff865343166aaa	5e413305bb602d0e4d3e1259d802292456b09c203640c9506a19a753edaf77a4	absolute host path replaced for double-blind review
external_validation/code_and_protocol/raw_prep/raw_to_prepared_smoke.py	bab62f3b39a28fc4c889f377962d993a9c528b457c043ad895e6595e4e4ff19d	0fd8201edef36fe521f402989f91e1dbb5e58d7b26cc90e35b507340fd09280c	absolute host path replaced for double-blind review
external_validation/formal_pre_run_probe/CAD_L01__QTD000131__CAD/gnu_time.txt	6f6c0e289d0db4a98d8c29f6f3c6011bfc236bea5dac6bc16b2fba3f7421731c	cbdefac8b249261bae98223829b9fb4018819b92a8a52723640793a2ec3d36a3	absolute host path replaced for double-blind review
external_validation/formal_pre_run_probe/CAD_L01__QTD000131__HF/gnu_time.txt	87f5e2062949705f2cb86b8d0f2351fd01ec47aaf8d74942867b478d887b5942	7a4a769fa46d3f74d58c94bcc6d56a0776242305a7681d2085958022fe23f24f	absolute host path replaced for double-blind review
external_validation/source_audit/data_manifest.json	d9b761b9a39f3a934de5b690d9ee613e99f5d31aa2104c0c3f34be8ef2881e45	743027e58ae4d539b623da19eff112a03706f67e3b7c57cbed4b5afd84d04e37	absolute host path replaced for double-blind review
prior_verification/code/run_multiregion_transfer_remote.sh	ee0198eb70e1ef9cef8341e190fd6062f9fc426cbcead3e589ab069451a23965	cb601624a9195d2389ead1eca9ccd42a55a343d221bea6252457e79049c8423b	absolute host path replaced for double-blind review
prior_verification/code/run_real_pilot_gtex.py	201392501c702d13ad0e87d0a0bb5dd9142becb150334cc7b7a811866bf295eb	6272df86db2fa0fdfed1543f09d50c428ecc57b471bedd30e244ad23ca308c57	absolute host path replaced for double-blind review
prior_verification/code/run_simulation.py	27c2b0e57d26d84a61e666f93b912cb5d265c79e579feb5096c983718a41ea1a	48e04d59acd4c95ba216525e1a27c6cf8619301d7407aeffaa8331787c6ad3f8	absolute host path replaced for double-blind review
prior_verification/code/run_simulation_resume.py	1e4cb492c1cec538dd3ab474742370698c67d1892730693c907f1a793bbf51da	80d9194cb876d8ab3d5923d639bd0603528ae8dbca66e0be8943dc05dc078ae3	absolute host path replaced for double-blind review
prior_verification/generated_outputs/figures/figure_6_downstream_stress_test_manifest.json	e11b2e1d1b32941b8f52f78f8ff83dc363441450c77359907a8ca977bb254093	140dce47fc0ed6e622beeb45ab63ae4675e0a0a7fa4227ee4396b604120a1b29	absolute host path replaced for double-blind review
