path	bytes	sha256
ANONYMIZATION_HASH_MAP.tsv	8674	8dce7846bc604c19f88351a9b70e4b92de01126128ae895f6303caf802d8eee1
external_validation/audit_and_results/attempts.tsv	16475	189afe236e7c8f7dba60f3a166bff1e29a4240eff99d991ef95065f9e3c1f5df
external_validation/audit_and_results/attempts_gate_summary.json	135	1be2ff81f82015c3ee821303c41fd54d8eaa2c13c797c75925aa1da988380bd5
external_validation/audit_and_results/attempts_gate_summary.tsv	29416	10ec3f2bf38bc333445db0a9b0d93971beb6096454668459b6daba0cb5526416
external_validation/audit_and_results/cad_single_scan_audit.json	423	7dc52a2a7bae86243d62f6d4f88f852b3e02d82d53c0111b95d9993a38ea2f79
external_validation/audit_and_results/complete_case_ld_sensitivity.tsv	59274	08a0e6f673400df862efdc3547785a80c159fa90dc14153afe579512efe64cc5
external_validation/audit_and_results/complete_case_ld_sensitivity_summary.json	951	e706bf31f7a590b4c6f8e30a780e568374cc07d7102c6c1c1f2cc963c964a490
external_validation/audit_and_results/dispatch_summary.json	607178	25619a6fa3192bb0aea2d883adf46ac828e279716da035c3ae433806c28f3a4a
external_validation/audit_and_results/dispatch_summary.tsv	42103	37d21418f63a3de6c2a705e4e4a87f88b1624af214709076bce8dee403d283e9
external_validation/audit_and_results/duplicate_key_audit.tsv	6548	25edae98ec50fb846d569fbd8f0166df90a3b81050d99935e8f63823287ce5cb
external_validation/audit_and_results/external_validation_alt_text.txt	472	777d161fb7468d12dd604061b76d39264c29c700a7cf66ddd3b7d637d993d071
external_validation/audit_and_results/external_validation_figure_derived_data.tsv	15432	dac3bf81c92bf5cf3b9ac9a67e70146da961b5059b69f1638286567561b920fe
external_validation/audit_and_results/external_validation_output_manifest.json	1979	e2e0d0015b2cd946bdde6b087625a58f80f67baceb88591f0a11888924fe9dfb
external_validation/audit_and_results/external_validation_summary_table.tex	1252	fc37645837f4b37d93874da92615e0eb55fb734b945b6c0d5e69c00335c47358
external_validation/audit_and_results/external_validation_summary_table.tsv	805	1e803eea46c6e6dfc8722589be021f2f0c2a1b16a1c265ecabfb2c73eb8f78d3
external_validation/audit_and_results/formal_model_run_configuration.json	1332	90ae3a4ee6fb1cd4181d3461b2779031be76855f6174e3b4bf1d30ba3065d036
external_validation/audit_and_results/formal_model_terminal_audit.md	887	66f3ff96cf2ca4fe73bf0b12b0b4df5957ad02d369fe8ac5b18c2a6d6a35e8f8
external_validation/audit_and_results/formal_model_terminal_counts.tsv	308	4b6cd094e3cd76396b8c66c90863bf5287dc506aba594380c78249dbcec0995e
external_validation/audit_and_results/formal_model_terminal_registry.tsv	77985	a4cf31985a3df91683579fe1acb8a12fc5a87eb7158a5b3bfb45753dfee70400
external_validation/audit_and_results/gates_v1_parallel_dispatch_audit.json	640	ee39a8bfe49e68a33fe374a87792dcdaa8d15136efdae080270983d671013ce7
external_validation/audit_and_results/gates_v2_parallel_dispatch_audit.json	640	9004fdad924a867475524e761922b09e56df47749fe039fcbb15474b5e90dbdb
external_validation/audit_and_results/genes.tsv	1417	04aca2a59dadba7e6858f14fec92bbd2b31afb6ec5c41597c9ce8ab29c85939f
external_validation/audit_and_results/integrity_audit.json	401	ca8acf2fd35496a2f0b8cab461c71be8cb796c885f09e83d474e41a6d0f2b912
external_validation/audit_and_results/prepared_input_range_summary.md	1317	ee687694d66b29f28264533c38dc2a14238115ffbfe117a0b7e27d0c9990b9e2
external_validation/audit_and_results/prepared_input_range_summary.tsv	453	6a5273320b023739f96a0fa16d1fdbfaab2f6aa6e3ac4c31f3431673d605ec74
external_validation/audit_and_results/raw_prep_run_summary.json	1279	62f2aa9f240f6d5040f2aa5fea93e400b450fe9340f41bfa7451b4d1d91b5db1
external_validation/audit_and_results/region_preparation_audit/CAD_L01.json	2925	09d93fdac9ac4ddd0c0b8ee5287432fc5f98c22670cd8439e562af8a6261f999
external_validation/audit_and_results/region_preparation_audit/CAD_L02.json	2019	cf5cc1252220d4f95fd8ce7f960dc5ca0e9d333f96d99aca13631c6c3b3f9d7a
external_validation/audit_and_results/region_preparation_audit/CAD_L03.json	2925	0c9b1d45f75618ae34df66168075a5fbb8cd02277e1a984a3b85e1854e625d58
external_validation/audit_and_results/region_preparation_audit/CAD_L04.json	2935	797d059f3c27d66ffa5f7188b9a1e836f0e55654a93d93d9420cd77daa6b738c
external_validation/audit_and_results/region_preparation_audit/CAD_L05.json	2928	ab5c110438ae5aa3f476f0c6419b70015ba5370808521e9487c1d9d9e7df199e
external_validation/audit_and_results/region_preparation_audit/CAD_L06.json	2015	830f05107be3bce4459c6b9d1b185f9a28f7a8d11dc81b4a09ba61ba310f8bd6
external_validation/audit_and_results/region_preparation_audit/CAD_L07.json	2934	8c2d81a9b5ceaa70a732ad6c8fe11664cd2eab8fc8ca9a9f553f247bc3e4fd0f
external_validation/audit_and_results/region_preparation_audit/CAD_L08.json	2926	20f29b695dc04c5cc221d897a310b553f415720b3753b61ada58f71a23de7279
external_validation/audit_and_results/region_preparation_audit/CAD_L09.json	2926	487bc91143d20a4b7d1a3d32a110185bfc895a2a1cfea910842f3eff1cad5cbb
external_validation/audit_and_results/region_preparation_audit/CAD_L10.json	2939	1ed3455b668671f9a382c77d7b8a871cd1e9312615aeb5330a2cf5c5f67c86c6
external_validation/audit_and_results/region_preparation_audit/CAD_L11.json	2929	a5c1155786deffb32b025c1992e71b20dc873d8cb7ba98a815309fafb731a992
external_validation/audit_and_results/region_preparation_audit/CAD_L12.json	2009	f3a1819fe3285fe59d89e6aa12ce8a0f2c77edd4deca640b6bf569e696884cd2
external_validation/audit_and_results/region_preparation_audit/HF_L01.json	2924	c3e104ff9bfb5a15481f988462ae4b2d9e2350a44bf5c49ee0ef9742a63fb44c
external_validation/audit_and_results/region_preparation_audit/HF_L02.json	2019	97a30c5044466b7d27fde2633e5d33ab23d3a052b95b2aef7abb3c80785ccaf3
external_validation/audit_and_results/region_preparation_audit/HF_L03.json	2019	039f11929f2fb0b60a995adcbdc7220f7d8855c8647130e023b5ccac5700ec46
external_validation/audit_and_results/region_preparation_audit/HF_L04.json	2932	95fafb633663f400771634b10644ecf8bf918a282f3f77adada012cf35dc419b
external_validation/audit_and_results/region_preparation_audit/HF_L05.json	2939	fa48e0f11be3db05b87f5787bd290799b0a045578bce20faaa8d53378523471e
external_validation/audit_and_results/region_preparation_audit/HF_L06.json	2926	512891e13e9076f17609a20231483f2d8ff3c26f085470170ddab684a55a1612
external_validation/audit_and_results/region_preparation_audit/HF_L07.json	2931	4010f1750b0bb6803526ba2381af6d4da258e7ff1ce7ef535cccc829539c39c5
external_validation/audit_and_results/region_preparation_audit/HF_L08.json	2010	63d448d29f5a3e9cbc6487a33c3802eb0983b5ed2bd13f57d945b09273c4f409
external_validation/audit_and_results/region_preparation_audit/HF_L09.json	2010	2c51e6a6f4731f2db2918d189282370a7b7d0250189350d4d8e7007b006420f4
external_validation/audit_and_results/region_preparation_audit/HF_L10.json	1997	34494376eb78690d81db145e4a12cd8219d2cbf10a21e3f8851311fa23c6e2dc
external_validation/audit_and_results/region_preparation_audit/HF_L11.json	4763	b211a5bc4714e3c8489897432008d2586052f8dcef8181437d45ae05cf0a3fe2
external_validation/audit_and_results/region_preparation_audit/HF_L12.json	2939	8deb8d1f1eb1c772af32fec48b3e11cd0751b39faaabc2ca871ace6ee793e1a3
external_validation/audit_and_results/regional_gwas_preparation_summary.tsv	189	79a6444b6280fcd056fd427d7f81847b90b51f32c982085fc0fd65c28aa269cb
external_validation/audit_and_results/regions.audit.json	896	f8cedc01a93c0433eb1cbbda39913a3b5a82f1e718bb3763cb86841382e25fd2
external_validation/audit_and_results/regions.tsv	2822	9c6aff019ffcd0d081a78f461760c8d014281435494b4052f2b10e5a7f9d87e9
external_validation/audit_and_results/rerun_agreement.tsv	7737	6afb9bf32a8bd50150ab155a0d2e528d86f58990e1a829a87f6c54c3d1988aea
external_validation/audit_and_results/source_verification.tsv	4832	5e413305bb602d0e4d3e1259d802292456b09c203640c9506a19a753edaf77a4
external_validation/audit_and_results/verification_run_record.md	2936	0fe834b358d3cb75e371cbd2e83d012e0e10b7690acfcb8e63aceabb0c2f2b32
external_validation/code_and_protocol/analyze_complete_case_ld_sensitivity.py	17238	e62669bb1ec1ff19852f1c274423cb342d0e0eeee8ac54cd4a863f9015666955
external_validation/code_and_protocol/benchmark_coloc_susie_smoke.py	15639	5b1a90d7b8dbb23aa9f57a040e58e02d80c726b48c3d386962ba887986fcb041
external_validation/code_and_protocol/config/amendment_ledger.tsv	518	919a90359915ad4ff0f94c31598ae58601342060196faff789e8fe316a1e8c19
external_validation/code_and_protocol/config/implementation_correction_ledger.tsv	1287	4d6fea446bf9fa9c451514c2a08708b9eec6afa66cca17ddf3fb3c16975c0bad
external_validation/code_and_protocol/config/metadata.lock.example.json	704	36bc2e02f1a8e309ca1b33d6206ae7bf9cba2f2f0a2f7639bcd7d8b4f62eb754
external_validation/code_and_protocol/config/metadata.locked.v2.json	1146	265bc05c486bbeb75db06311250f8ba85ca269c8bbd946a2bc8984e0db64fc55
external_validation/code_and_protocol/config/model_implementation.freeze.json	426	894930f9434689a8b745bd89d5d628a2b1b8d48b6d8e5cbaee4df11d9ca979ad
external_validation/code_and_protocol/config/model_implementation.lock.json	1812	a771251b9e9db3e56210cfd8229393b6bba1110d696431eef82adafd0f82f345
external_validation/code_and_protocol/config/paths.example.json	793	eb21a614a94183f2946ecf540bcdc211f2b53985f36514c768ad7a919a527566
external_validation/code_and_protocol/config/protocol.freeze.json	687	4c9c3812be9f778e8900cafce8e5c121f01e8f7ab5f5704aa5ac0bce0d791094
external_validation/code_and_protocol/config/protocol.json	5621	8b6b852432fdb7b5c2a891cb1c51f7d0a456a3b6983692ccef6cbb10363ed48a
external_validation/code_and_protocol/config/protocol.v2.freeze.json	636	f0ce3e289a2d0e182ab3be7197d14a7ca03e69fe72ce9684485e4537db09f8fe
external_validation/code_and_protocol/config/protocol.v2.json	6402	37c4731bb407b4d49b3b0ba9876c727720467a9afb17537c983eb4be4d28a52e
external_validation/code_and_protocol/config/sources.json	3157	0c7c079787611f57788dbd4bbd1a9f69195ed2ae03909246baeabfc967926984
external_validation/code_and_protocol/dispatch_parallel_gates.py	8014	be8dd6d156bdd566d72f8706d56558f5c4e5340ddb890bb0a1afb278ee405464
external_validation/code_and_protocol/dispatch_ready_models.py	18014	e53975ce5ef4ac088aa92f70b04f7a467466e0eb1ea92434af3bcfd1f8d16d79
external_validation/code_and_protocol/external_gate.py	15735	744fb6ecd6d50a3c572a424f605b3a20e037f6007353bf667f324fe8c1da1a83
external_validation/code_and_protocol/freeze_model_implementation.py	6376	f4d27bb355ec4f4f7abe129e40aa00c513fd9b2a358864d73af3640cc1f4063b
external_validation/code_and_protocol/freeze_regions_registry.py	1443	9f8eb5ea241133888c927833e2ec17173bb071ba36aed5451b2ed70fd7703f43
external_validation/code_and_protocol/freeze_runtime_indices.py	994	f2aa66866576f7a115b6fc972f0cc956af37f1faa4e85d7c387b73f5ee703ffd
external_validation/code_and_protocol/make_external_validation_figure.py	29606	595a91f77824ef19649943b883585820bb321f9704c42c4fbc5cafc4ba0a5a7c
external_validation/code_and_protocol/prepare_external_validation_from_raw.py	56195	129918a8adbfebc6da08e09022ba8331dd19f504863a20d3381d29d5a9d9b7fc
external_validation/code_and_protocol/raw_prep/extract_eqtl_region_with_n_audit.py	3003	4216629cfbaec04f9f37466dd5ecb51de9257054a44b676eaed22036f2a73dc4
external_validation/code_and_protocol/raw_prep/raw_to_prepared_smoke.py	10014	0fd8201edef36fe521f402989f91e1dbb5e58d7b26cc90e35b507340fd09280c
external_validation/code_and_protocol/raw_prep/strict_roundtrip_liftover.py	4740	9d13b8bb380756c803850cee0a7c2440e6d4812a621a4933fecf145728755df2
external_validation/code_and_protocol/README.md	9665	48ad4afc949ac2905051ce2758f9bae4719bd130b9d80eed781d618b4978be11
external_validation/code_and_protocol/run_coloc_susie_rank_diagnostic.R	9963	f46fe8e94c9371b98dadac81ce025769f7c8a2888a3470f1d957c31d5e84680e
external_validation/code_and_protocol/run_external_validation.py	37414	7c49fa48fe8c80c4510497b7f63bbe0ee406722b8398bcaa6f8fe632959432fb
external_validation/code_and_protocol/select_regions_streaming.py	2461	7579c255f3fcaf2341a961742235ee571a4427866cf45f4407858ad964f17f87
external_validation/code_and_protocol/tests/fixtures/final_nonready_attempts.tsv	194	c7669aa6d2ce6e6d146a30e7be347fb8dd4ba20fd5a248b3b3af1479a8b00299
external_validation/code_and_protocol/tests/fixtures/final_nonready_gates/units/NONREADY_FINAL_PROBE/gate.json	168	c8c470f03d4bc39e8ce39e47ec678a7ca0554bf221197b02dcdc0ede69970786
external_validation/code_and_protocol/tests/fixtures/generate_external_validation_figure_fixture.py	3700	9568c5c83d788d834ac77cb7621f09273b1d94838ca26aa45256ad2819726abd
external_validation/code_and_protocol/tests/fixtures/README.md	1252	136127fdb5a173805483c1f896928543813842e7f3704105dba5a6b4aa1e1322
external_validation/code_and_protocol/tests/fixtures/v6_probe_attempts.tsv	274	92e91a10e78fa21c8de6d38f6028223498eb8eac840710d0d918845e85beb2f4
external_validation/code_and_protocol/tests/test_coloc_api_ceiling.R	4186	fcef3cf8088a882c33dc242de1bf99af6b9e083f80725c898b2673befc64936b
external_validation/code_and_protocol/tests/test_complete_case_ld_sensitivity.py	6944	eabafae3cf7c66cf4667fba4de0429ff131e739c75c57914d1911a959a3ddad1
external_validation/code_and_protocol/tests/test_external_validation.py	12745	54cc0b2817d2aadda8f28577ab28406b02d878fa3b73c299ae32b99e0fb1a3b8
external_validation/code_and_protocol/tests/test_prepare_external_validation_from_raw.py	8444	507ce27d6455ff4e571405702ab543f823c5afe4f9dfaecbfcc7945329f06684
external_validation/code_and_protocol/tests/test_runner_minimal.R	2887	099fa790c27ee42eff607f24be748719a6baf2825400769da4862688ea6f8578
external_validation/code_and_protocol/validate_prepared_full.py	5226	73feb5a84034c2f5ffb0c1813a75505d0902c73faa8c22b6dac55c39d44c4145
external_validation/formal_pre_run_probe/CAD_L01__QTD000131__CAD/gnu_time.txt	1135	cbdefac8b249261bae98223829b9fb4018819b92a8a52723640793a2ec3d36a3
external_validation/formal_pre_run_probe/CAD_L01__QTD000131__CAD/model_implementation_policy.csv	794	858845d836bfb4c0fc9e74824585165a17d60c8523bb7d12302420f6408a0535
external_validation/formal_pre_run_probe/CAD_L01__QTD000131__CAD/status.csv	655	e8e26b290121a0d5192d986f353946a238f1e8df151a661f4fefe1a18d142a60
external_validation/formal_pre_run_probe/CAD_L01__QTD000131__CAD/status.json	2888	1cc7cc3076ebf84ad21de3ea99608dcfbde26524393f5d2a465395f6f3ada582
external_validation/formal_pre_run_probe/CAD_L01__QTD000131__HF/gnu_time.txt	1176	7a4a769fa46d3f74d58c94bcc6d56a0776242305a7681d2085958022fe23f24f
external_validation/formal_pre_run_probe/CAD_L01__QTD000131__HF/model_implementation_policy.csv	794	858845d836bfb4c0fc9e74824585165a17d60c8523bb7d12302420f6408a0535
external_validation/formal_pre_run_probe/CAD_L01__QTD000131__HF/status.csv	764	8713acbb683ee93c53dc14186093659746e537fe7c6acbe236b6b9ea31a763bf
external_validation/formal_pre_run_probe/CAD_L01__QTD000131__HF/status.json	2625	d733af99aa1961d96ce9cafe8e2c7cb855398bb292af55f83ba54a133cd9d493
external_validation/formal_pre_run_probe/CAD_L01__QTD000131__HF/stderr.log	605	4739802f968d59729b637d122dcfd39b6596112edebdeb45eacd6eb3802abf28
external_validation/formal_pre_run_probe/dispatch_summary.json	7585	76875516a752e5e23c8c221b96210163ff5d0daea36c82225291106350b6899a
external_validation/formal_pre_run_probe/dispatch_summary.tsv	597	a1bbf43d0ef8da216b82292584e695b8ce73c9b3b48664cc45a736e6e85eb7d6
external_validation/formal_pre_run_probe/gates/CAD_gate.json	2123	b8dceec7bc6d959c573bd27cd4e81a8d9e0b86de7235d2712805bc61548674b9
external_validation/formal_pre_run_probe/gates/HF_gate.json	2125	dcded8869868501b25247176066833085fbde3a52c5ca383510279ab9f7d7f9d
external_validation/formal_pre_run_probe/nonready/dispatch_summary.tsv	243	88639cd1401008ecd54db48e895f745284268940465c706b073a894ab99ba74e
external_validation/formal_pre_run_probe/nonready/status.json	294	9a5b1a9be88bbe13007e96049d3b9069da81abface137f055d607b145369d17f
external_validation/formal_pre_run_probe/run_configuration.json	1329	1739eafc8e126410fa5b91e3bf6de0b8dca65ba5d5eb2b66ce09e26949c2d792
external_validation/methods_audit/DOCUMENTATION_CORRECTIONS.tsv	4417	07e2f5c80a21bc47fffea16c63358430011bc85413333bc0b61f2f12b83e834b
external_validation/methods_audit/downstream_benchmark_status.md	8354	771b4a92e5fe0a70fd742a32acdc6c3484a092b06071d5bc9dbd5143d30dcf2b
external_validation/methods_audit/FINAL_STRICT_PEER_REVIEW_SELF_CHECK.md	9654	f03572aaf1a4c5fc3a3d1d83049ef12fc5156437abee13e9a8163464e66762d1
external_validation/methods_audit/integrity_freeze_deviation_20260902.tsv	765	7a10b0eb021f64187c6562324330626820e59bca8e4cfa0ae7fa27a5ff59cc70
external_validation/methods_audit/MANUSCRIPT_PREFLIGHT.md	23594	30fa28ea3ad3b65a99a589b082886cb99ac69dff85b8d912e956961800087a87
external_validation/methods_audit/PRE_RESULT_METHODS_RECHECK.md	17410	7bfadbd66e64bf01c19d3f9f3c233a28b0012b4117de340b9482383a03b56307
external_validation/methods_audit/PREP_CODE_AUDIT.md	13632	ad8302f72fd5af152eeb9b63f9461d35cc51e3f634a51836bff045580042ddd4
external_validation/source_audit/cad_a1_sentinel_sign_audit.tsv	956	b6b0881ef6ff1c13bb8aafeb8fc3472c100c7982f4e756c7bda68aaf9a281375
external_validation/source_audit/data_manifest.json	39353	743027e58ae4d539b623da19eff112a03706f67e3b7c57cbed4b5afd84d04e37
external_validation/source_audit/data_manifest.tsv	22859	ab04fcae7b03a52023bd4ad1d7aa97a97af906a2391527759b8a8adc6bc4ae89
external_validation/source_audit/execution_environment_extension.tsv	576	181ddeabc4dc70a6450b9813103a3b3f326da04bfad1d8499ca6bdaf8841ef4a
external_validation/source_audit/external_validation_data_preparation_report.md	4304	83fecf2ed5ba140d7ffdbdaee8b55fd762ecd65c5466cc7bf902ce0e3a4dd202
external_validation/source_audit/verification_summary.tsv	997	272c761dc9f7af39c3fdecdcdc51784ccb26d297f0d005338a1186e83f23a91f
prior_verification/code/aggregate_multi_outcome.py	4576	4b45a22d187d8ff46399bd598811112515b8ee5889af5dfbce9a1ffd8e9f3800
prior_verification/code/aggregate_simulation.py	6743	ff84804d20e5d5db55275782859d951a6a42e2b9123b510482f9b23bea9d929b
prior_verification/code/analyze_pilot.py	6315	1e031a0f730b7e3029eb9017d906349a46b303bab811e2264a47ce39ece5c6fc
prior_verification/code/assemble_ifitm2_coloc_inputs.py	3670	2a9534e0054d9678b09eb578a6b486b228731b8c010d506fa20ba9ed1867eba0
prior_verification/code/assemble_preflight_summary_audit.py	1016	1a90512b263a3e31457efed6c187f13de92b38c3e3c70ed0a44a073f53e460f1
prior_verification/code/audit_1000g_eur_reference.py	5851	dd9f2b6f23b99bef10aa6282378077154eef16e89bd2e38cbbe17aaf1936aa93
prior_verification/code/audit_1000g_eur_stream.py	3226	74f8d47c34f9b89b72fc164471769d41467b8ac3a01ad250e4fa0013d070e53c
prior_verification/code/audit_final_submission_package.py	9155	ed8f07c0d6ab9c93ae31a69b5ffc173a658caafd28e75fbeb0a0bf8aede01576
prior_verification/code/audit_ld_matrix_numeric.py	1318	f78db9205f611baeacb4bd5f335053050a59401e113da873c27bb86a5b07f822
prior_verification/code/bonferroni_mtc.py	4261	7f5b568613f1ef9adfe630f6a042569c139697a0b6609ee9fb009d8b320b838f
prior_verification/code/build_1000g_eur_ld.py	5388	75ae15c84affc5ab5515edacbb70326631b05e73c0de4b83e68d2d2f999c11b1
prior_verification/code/build_candidate_confirmation_table.py	1056	effac1866563273cec8f918ef37db37825b65d95a86b18b75f06e9f87997fe27
prior_verification/code/build_coordinate_audit.py	865	e9670a52163282962d59cdde315af19e7d89622a96981ddbb4205d1c95737e2f
prior_verification/code/build_cross_ancestry_ld_benchmark.py	11696	e1d2d6c080b64bfaaefc2522dae62df7a1e1e423e6a8b769e7458a638fbe6bf0
prior_verification/code/build_journal_neutral_manuscript_docx.py	19001	3a3fbdeaa9dbc71aefd6a0a449765a3b3f0a2db2343b2918345e33e5666d33b1
prior_verification/code/build_local_eur_ld_for_harmonized.py	4867	ab797f3920a61fc1377b7672e2661279f3b82511bd7eaed47f601b81d6e4ae07
prior_verification/code/build_local_eur_ld_stream.py	6442	52017a6a1fb6b7344258001abb335953858cb178f0633f8381834a92aa3b953f
prior_verification/code/build_reanalysis_candidate_inputs.py	1343	a65733d5a4090740a9047824fbbfe34ef123e3c2cb7a89d5de57a50db37f6896
prior_verification/code/build_revised_policy_audit.py	4556	b86fef46a42cf103ad357972c40ed924afc544094912a5aff78a2b18d2f1c6e7
prior_verification/code/build_revision_review_doc.py	4311	e32b43d28a6f1dd5f214006c651891a3d7a8e2db47995070607dd4846cb1a365
prior_verification/code/check_coloc_environment.R	149	6397da5a3f0cd879a01636e5aed783ce08253463f7256e305d10c93ec907b2c1
prior_verification/code/diagnose_coloc_result.R	933	8502dd2fbabd5eabf01729bc31583bcafbc585a4ea2dca65f57d39b1bd6a945e
prior_verification/code/download_verified_input.py	3804	1a0f9a24d0b56810f44d2182a8c031c33966a66794d06cb3607b80411915f554
prior_verification/code/extract_eqtl_gene_bgzf_indexed.py	4133	5b850540ff4702fc502386176877032124480ec6ce9ab501c23845c236ef1094
prior_verification/code/extract_eqtl_gene_complete.py	3180	dd08586bc9719241fe5300e5a5b4b9c3e8030036f745d6c9c0892f0eb2453ddd
prior_verification/code/extract_eqtl_gene_tabix_complete.py	3440	3517ae460673c2c43565714084500624767d7e1b000da259aa47e3d62cab5a04
prior_verification/code/extract_gwas_region_complete.py	2988	cc0592be25d1b0b9b095410c4523d40660ca3cd49f0f1088d447534109b488e9
prior_verification/code/extract_regional_summary.py	2337	10e5f01bfe09e1540d15f1b6627f53924afb1c05349af73298b32bc03c32b6a3
prior_verification/code/generate_main_audit_figures.mjs	15285	4601cf290ae0b8fc690e8b6f8450ae5aa4a82a5daf2cc893a3eed80ad8ab83c2
prior_verification/code/generate_multiregion_transfer_figure.mjs	9201	71c8541f6c988fe672c72907ebe670a87b00ec1794e560a421c0b7a188f8f9c8
prior_verification/code/generate_nature_style_audit_figures.R	26539	5be79885bcd291d4aa44b473a84b5d650f49a375ad1fe66a44a8affec267ee20
prior_verification/code/generate_preflight_validation_figure.mjs	11107	7771e5dd9cbdfd86dcac2b5cad52ed63f93b9b8cc9f1365d93ff5b31cfdd1752
prior_verification/code/generate_publication_status_figure.mjs	7382	6d6d4df8a525344b46213cd68341fbfd7c1a82ebe0c126da2164423b32c1dd65
prior_verification/code/generate_reanalysis_figures.py	8136	fa4bf07028a8131d56c4d9a8b54b7abea38f5f5f45e53b123d95b97181dc4f0d
prior_verification/code/generate_revised_audit_figures.R	8577	1a086e3808baedca387d50867cbbb9b5ddfec31532b0021a279416f7ec15800f
prior_verification/code/harmonize_ifitm2_cad_audited.py	7193	2dd6711d0ba8aa3630c1885f59c4f5c930d01908e7e98658f9e408fa3aa6b610
prior_verification/code/harmonize_regional_summary.py	1586	1630a129047c87154230473ea1ae31952563cda83557bd1147b76a8a5da7c778
prior_verification/code/harmonize_regional_summary_by_position.py	2347	d6a6e6f032aed2e253e6cd1d16045de8988f442dc4d89f6c395e51acdbbad687
prior_verification/code/hcsmr/__init__.py	87	01881333bb6b250b7fba3c1ca0e3bcb0e3f9dc8fea5529d22ffac02e606f3089
prior_verification/code/hcsmr/atlas.py	9735	7123aeef7b8d5a91246f5db640518ab531557d4e1130a2b1b91c41e63e777d8d
prior_verification/code/hcsmr/baselines.py	7494	dc59ce6a14d60519329ec9d6c968c093cc7ffaed05c61eca58f16a88cb14352a
prior_verification/code/hcsmr/gwas_io.py	4656	c49607836a3aaba87a6fdcc0d673ecd09077fe2fa4daf2f38dcc122c02cee335
prior_verification/code/hcsmr/iv_library.py	9269	928d564f0d9570ba82cb41e7632280c04cb490815aea4ac959b3b00fcdc68a6e
prior_verification/code/hcsmr/model.py	15817	51a39e98ec416174fad7cef51bdbc7479dd233a02f08966515b079d1d0c8c9f3
prior_verification/code/hcsmr/reanalysis/__init__.py	75	049f89f4df27959de019fdbfb1a7726db183f7f8a5bbcfbdcfcce6b474cc70bc
prior_verification/code/hcsmr/reanalysis/benchmarks.py	4252	a30652587d5672f242806007968f69f19dac9ddfc08eef5500bdf58413bc73e0
prior_verification/code/hcsmr/reanalysis/calibrated_simulations.py	5449	51c91e28bd9b26f7bb052eca9663fb2d4a516e52b8fd439a04847b3473c67448
prior_verification/code/hcsmr/reanalysis/candidate_confirmation.py	3102	32c66641b514cc47618ef3062605751f60681998777a80f413efe4d66fea53a5
prior_verification/code/hcsmr/reanalysis/candidate_inputs.py	1974	e597e0ed19166d399eca768b982d5a33e72237ec1b8dda56565c51b8009ed349
prior_verification/code/hcsmr/reanalysis/candidate_sensitivity.py	6091	d5b834c4a86d7e6c321a79e72108df0079f75d557e8cb5dbe530e45ffc57b5d9
prior_verification/code/hcsmr/reanalysis/coloc_contract.py	1127	1eff58b5ff30f411632a358669328a8f8314e69a7d291ed58321bdc4d9bf953c
prior_verification/code/hcsmr/reanalysis/coloc_input_preparation.py	1584	23eb8ac06070f827041ffb74239df60a5d129f317b98972cd3f6e071a53d9dac
prior_verification/code/hcsmr/reanalysis/confirmation.py	1412	b44425446490b083c42c544dd0240537072931e67e34282d3ab91262942c40d3
prior_verification/code/hcsmr/reanalysis/context_registry.py	2303	6c8363da6e8ad33c63457a8f0fab391618ab794cb3e9643fbbc6de5936905e88
prior_verification/code/hcsmr/reanalysis/contexts.csv	678	4c41c10dc1091733b0869d55b9e336559b4a6e4c6c5b16693bccb9a6c31689bc
prior_verification/code/hcsmr/reanalysis/coordinate_contract.py	2865	1dfa55104b4cc5bb2e782547fb067981afe5fbad1587d71e3ccd85da2f2b6532
prior_verification/code/hcsmr/reanalysis/coordinate_sources.csv	765	999e20ced82b449a773f07ee130462b72b694ecb6ebb564a34cb69d1a75f924a
prior_verification/code/hcsmr/reanalysis/diagnostics.py	1691	516ae4b606679907cddecb3564ed6439a3d066dac941a2a9567d1b010a8063e2
prior_verification/code/hcsmr/reanalysis/eqtl_prefilter.py	678	1444338b1c56d040d0e1f239ca9bad3a4f716c399546691a0a6667ae2b3e88d4
prior_verification/code/hcsmr/reanalysis/gwas_prefilter.py	1030	bdc44c7d0c18fc146d65e9d93327aa1d9275149dc25d2053d3bcde925453eb42
prior_verification/code/hcsmr/reanalysis/harmonization.py	7276	67cbe89e22538e00b5b8edfeb869cd4038e03eb68b14e7e0743cbda842a06fc1
prior_verification/code/hcsmr/reanalysis/hierarchical_validation.py	8615	f3eb4814d1fd4c51fd07e2307d19ddee186467fc1d383a371595d61828e11b6b
prior_verification/code/hcsmr/reanalysis/ld_reference.py	2120	2fd63690419e964afe988f138d970418c1a6913aa95ed38c53b1c73c66148516
prior_verification/code/hcsmr/reanalysis/liftover_contract.py	699	294ec09d02af037686e6c3be9016149ac767a7b501a5d1be890f6fef55f1ed61
prior_verification/code/hcsmr/reanalysis/manifest.py	727	071f640d3f32a4552a11d6dc6864af727af3f5ecc2ddd7feacb7aea77df1f1fe
prior_verification/code/hcsmr/reanalysis/preflight_gate.py	15734	6ab35abf6b8af4c7bfa67d52795757060459f9c54a11f11ff19d8bd31c1243e9
prior_verification/code/hcsmr/reanalysis/raw_gwas_verification.py	11171	94febdec1bd71883e68852264ea73d9799c5fb96cc7805e741ef573fd3b1e51f
prior_verification/code/hcsmr/reanalysis/regional_eligibility.py	1658	8fb5590027278b8e4434b9769f72dd6b128657f65883bca6612d27c366a6330e
prior_verification/code/hcsmr/reanalysis/regional_summary.py	1293	459857be19542419d36a863056f4486a5a4ed76a3b79a3d13dfcb482b043365f
prior_verification/code/hcsmr/reanalysis/simulation_protocol.py	1942	4028b260548e7b15f9d0109da3114735474b93389e2148dcd7f79959de71af95
prior_verification/code/hcsmr/reanalysis/tabix_bgzf.py	5852	33ddc320417414d5fd46435b421c0c58d582b87bfff35f2751799b9b30494bcf
prior_verification/code/hcsmr/simulate.py	4541	364980f9ee7636478b1a4d450a8e818ef4d9609daaa87c5991b252700811307a
prior_verification/code/ingest_coloc_status.py	911	13f964bddef4143e02762be461ab7fb05030900adb63f34f648be7bff6e9d4f6
prior_verification/code/inspect_1000g_reference.py	1557	01989ec0991174044506d444dfd7240416a19c84bbdca7a23e748f0869dcb8c8
prior_verification/code/liftover_candidate_variants.py	2005	783bb41236b9d9a1e3646234b71e9ba849c42645a004b1efcb07611f5a6736e8
prior_verification/code/liftover_eqtl_rows_complete.py	4615	5d17add2b7dc0cd8a266c54c161a6894470ca17e07ec9742a315fe753b2aaed0
prior_verification/code/manuscript_claim_contract_2026-09-01.json	1479	aee03792d8738359f3ea0a949853e4a8ccd07b50a8bae43dde6d7ef0647fa536
prior_verification/code/posthoc_diagnostics.py	11930	0607f358a4d064dda7f29bef616bfc54901ea1a9f7e43a57d4f6e45a938e5c0d
prior_verification/code/prefilter_eqtl_gene.py	996	88117642db7958768825d8dd3e91738845187b79e269084af70dd7a0b89bdddb
prior_verification/code/prefilter_gwas_regions.py	1234	92b639451b7a4e39795d16b272b5a56f238adb5a62a484bb472ec15b4ae6e753
prior_verification/code/prepare_coloc_susie_inputs.py	1854	eff58913d16e269d49d303bbe6e9c8e54ea739f9e2d108a02a932abc975baab5
prior_verification/code/prepare_ld_variant_list.py	703	ff1a261dd469ebd407e0bb0be99252a5c69606b9f363590a65cd5b4f7f113993
prior_verification/code/prepare_lifted_variant_list.py	1209	c379b9ec85f1af6e809f4f9281de5dde72ba6e53b48a7d672804910da06cc5a8
prior_verification/code/prepare_strengthened_submission_assets.py	11617	4faa6bc930d5a0bb3d437b111200982f5351f0c8b3d33412ea3385349eae88c2
prior_verification/code/requirements_submission.txt	122	afc41ff1c20c85f7d71dc2dcdd5f67bf1abb95c4e3f135601025818c356d039d
prior_verification/code/run_calibrated_simulation_v2.py	2569	d9393b7e0b0020bdc7ac313f45a55ef8ed49601903bdb720e34a41251b6cbf89
prior_verification/code/run_candidate_sensitivity.py	843	266badcb997344c955f25e3ad2bfb4515f3a813f7805582d47695bd29f2d12c6
prior_verification/code/run_coloc_susie.py	2266	0cfe5c5da4539e2915da5439d7c2cc28ed68d857c5291409b7597c87ad2dddc6
prior_verification/code/run_coloc_susie_regional.R	3218	1ca17f34d43234921a1e7dde87e206a5c18339a2d0af33ace0586274c4a94002
prior_verification/code/run_downstream_input_stress_test.R	9930	b5d9d1ce40e7b5553f0a53f8488af14df150ea0a55b0329d7876424f200fabc3
prior_verification/code/run_external_comparator_audit.R	5305	588f831cd4ebf86505de4a91d49b8058a8cb79afa51f3cfe1add78ef62e99215
prior_verification/code/run_hcsmr_smoke.py	2003	ce7ac8c630fcce4dfd18e8768cf6b065f30c3d65ec673de3bcb9e9b4e9920ed6
prior_verification/code/run_hierarchical_validation.py	2117	56f5451143b39817090bb4b890fbcc2740ee301225acde218651e5a0902cbe2a
prior_verification/code/run_independent_numerical_validation.py	11112	c01e04e868137e4d568e1d237c2a62c55e265e22107433ca442fb084b9f86c25
prior_verification/code/run_multiregion_transfer_benchmark.py	35056	0933d31d490772d83cbb3bc5a41ee4fb491bae6c772466a23ccfb82c60182ea1
prior_verification/code/run_multiregion_transfer_remote.sh	1077	cb601624a9195d2389ead1eca9ccd42a55a343d221bea6252457e79049c8423b
prior_verification/code/run_pilot_credible_sets.py	15415	698938e0d5929060bb1c5b0b6575df1741b19fbb5271776a850796a81f04ec86
prior_verification/code/run_pilot_generic.py	14369	697b6d1304fa84608672eaef8ea8d5c9e4a8ca72bcca176803ce7388aa9e3325
prior_verification/code/run_preflight_gate.py	2880	69cc8591baa2f38bde2353397da842c5a8a620001546cfbadc87a7ab42b0c8f2
prior_verification/code/run_preflight_mutation_benchmark.py	14317	672aba4cf3afba82cff185f28998d85f594021b5c9fc38b46135116d4970dd81
prior_verification/code/run_real_pilot.py	8689	04bb5ac46d4b93773b3c6bd8424a1af35fefcd5eef46c5c79fd2ee13c85b5113
prior_verification/code/run_real_pilot_gtex.py	9700	6272df86db2fa0fdfed1543f09d50c428ecc57b471bedd30e244ad23ca308c57
prior_verification/code/run_reanalysis_diagnostics.py	1051	69f5726873ff4a1e7509306b9d1cb47cae007e69ba18bd25acecf76abfb782b9
prior_verification/code/run_simulation.py	7117	48e04d59acd4c95ba216525e1a27c6cf8619301d7407aeffaa8331787c6ad3f8
prior_verification/code/run_simulation_resume.py	6866	80d9194cb876d8ab3d5923d639bd0603528ae8dbca66e0be8943dc05dc078ae3
prior_verification/code/run_svd_oracle.R	819	f0327a5f6cad563c89a27d0427dc6331f26d4aa67706d07dee85aafdb07a4b23
prior_verification/code/smoke_test.py	2496	47a8f22cd08c2c8844bc90d4d5ab4748f5d17c3534b462b5361151f1508097b1
prior_verification/code/stamp_png_dpi_and_update_manifests.py	1358	18ead7939e0c37564857689834279c8b0a1004d96bc044a164d87c359c1779b1
prior_verification/code/summarize_candidate_raw_gwas_qc.py	688	1212a1927e9988b7403d75a474d87f05bb08e9ecf3e3563d1cfd635b96e43779
prior_verification/code/summarize_cross_resource_status.py	2178	a0348d0cfeba2804d96ecbdc520886cc0d1ea4929af1de0191310e191a155272
prior_verification/code/tests/fixtures/fail_closed_synthetic_cases.json	665	a48eb0369ecb50072d04e044d05d5bf4f0b4ef0e6259f3b844fdce26d68c0ed2
prior_verification/code/tests/test_audit_1000g_eur_reference.py	869	9633bf70f7623583d1d79f4a25677e5eeb868ed01771b63f759cabf51e805ff6
prior_verification/code/tests/test_benchmarks.py	2207	a046710739ed2a8f40e03a7b40a6abb801f528c504b8f024b8c8c7d9d7ca00c8
prior_verification/code/tests/test_calibrated_simulations.py	1311	898885265a863b3fa9ad7a22b420cee9fcc53d693e5dd61e569abfc3dd3a39c2
prior_verification/code/tests/test_candidate_confirmation_table.py	2395	07891efa016b42ab9a91764fe95d0d4cb74bb208184a2a4eda22d0b1e1161b83
prior_verification/code/tests/test_candidate_inputs.py	1554	c05596d28bc86245e6702fec9549f349ed5342e9cf3d6f16be50171c8691c625
prior_verification/code/tests/test_candidate_sensitivity.py	1589	b593e9432dd9a7bb74e990619b60d984e96923a92ecd5de4fe6dbd0cc0b12503
prior_verification/code/tests/test_coloc_contract.py	1074	d06a55284a1532bd911295476786016aba35b1d8494a1283dc85adabe950b784
prior_verification/code/tests/test_coloc_input_preparation.py	1273	e55f57019fcd6106cc4760e05296299b320ee748c69f7b4c56b8be3b49e760c8
prior_verification/code/tests/test_confirmation.py	1651	4c0e6d37613538915d056695e524393979177fe15e02b2c94351ea3dfe85a1dd
prior_verification/code/tests/test_context_registry.py	1271	763317a51e3353e79ea51f2f8a21f21e41c9d80f4195f81dea7a7b0104411145
prior_verification/code/tests/test_coordinate_contract.py	1373	9947df0727be77afb31db489b15c1fec99dff1f51e3e84da058144b5618597b7
prior_verification/code/tests/test_cross_ancestry_ld_benchmark.py	977	41ecb99b3584b5445bce798100be6de374dbe88b10c50b7958922734f366cbbc
prior_verification/code/tests/test_diagnostics_schema.py	1799	473d62a0339e1bd92b041d23006cd8222bd427a1d87679d46cd736e7edb6b330
prior_verification/code/tests/test_eqtl_prefilter.py	477	3630b50d3b8b4d6c3088d3be7c28dbee39b3b0f6deeadd31da23abfa308f52df
prior_verification/code/tests/test_fail_closed_integration_fixtures.py	3130	47bc3dd9b0c925f4cb08e74d5c0eca5db9b00d3eb3cd163aca026c0d9fbc28cc
prior_verification/code/tests/test_gwas_prefilter.py	730	c8db7f339b915ffeac68be2e7a86566f211c0951bb0b9475e0a36c565db9b439
prior_verification/code/tests/test_harmonization.py	4082	b973d150e9f5289ff76a806ff5f3e97f12b22af42db1145884ff935ef8d0d641
prior_verification/code/tests/test_hierarchical_validation.py	826	d5e49caabca81d6e427ca9fff78ea31535ae32764bcbb280474e2bbf9759e45f
prior_verification/code/tests/test_ld_reference.py	1247	4dae6b1a676942873f2a7b960d9e4241ee42658cea00ac67e4d7c38283de1361
prior_verification/code/tests/test_liftover_contract.py	462	78bc0e9a8efc3a6d5a5e45a15aa2b870a7ce9282506fd991f8a8f7e728164abd
prior_verification/code/tests/test_new_manuscript_claim_contract.py	2682	7c8ae9eaa5e2237bb7d0a4d5e2701304d767b17186b73685fc02e6836801dde7
prior_verification/code/tests/test_preflight_gate.py	8283	151e08ff20a4b76763ba68d3f7f358fe4f656782fefd06f9dc8b08e69c030c48
prior_verification/code/tests/test_preflight_mutation_benchmark.py	709	ddead6a25c8b8a41abe95d45318628d43985dd2c73af1935d646952cd73cd4fc
prior_verification/code/tests/test_raw_gwas_verification.py	4882	a6750ff8a2c01f141264f3317cfb73603bba3d090edffb9cc746da3ada0fe5dd
prior_verification/code/tests/test_regional_eligibility.py	1181	c710e0da933565f53f8a0318b33ad842d737e62ecb8bac043ba32bc2e1a041b0
prior_verification/code/tests/test_regional_summary.py	907	1bf09c7fe83d4c708e8ae34d2d052da81ac0a3eb58effee0ab9c0a5641a20e98
prior_verification/code/tests/test_simulation_protocol.py	1026	c2c29e391e28fef6e9b60a91caeee070398219ae11faa311ef73af6dda345130
prior_verification/code/tests/test_tabix_bgzf.py	476	83ecb89c745e376b4b5dd57a3e73a6e392d0842810f66821498b63d70e8eddae
prior_verification/code/verify_candidate_gwas_rows.py	1692	3156eb325af6edc26cbfa466da4608c32d5de55ed52831dd9ed68c3047626ad2
prior_verification/generated_outputs/a11y_audit.json	225	d057bb247b69da9fa0fe8b69beb375cc0050b964a3f8cbc1e5ca91b85aff6a10
prior_verification/generated_outputs/ancestry_ld/common_ld_AFR.tsv	138889	67ec6972b312e57c149f1c091ee4310e80220a67767f8dcd6c0911a03f84b919
prior_verification/generated_outputs/ancestry_ld/common_ld_AMR.tsv	133709	f035801850cdc7c8e7ef39e9c67293c033cdb5bfcf7ed039cd1db22260399dd3
prior_verification/generated_outputs/ancestry_ld/common_ld_EAS.tsv	133581	9c2d1afcba50cfe20ce874c5bfcc8e9b6924710f3b8c868ca3036d28639acf83
prior_verification/generated_outputs/ancestry_ld/common_ld_EUR.tsv	133687	27ee0fa576d4c8cf8ef64019d12ea1058d7e2979c1bdc1cb2a58780307146d9c
prior_verification/generated_outputs/ancestry_ld/common_ld_SAS.tsv	134143	70b8eb916d557f952ba77b44425ccc9a86685aafa76bffbcd011ee7d0e1775c8
prior_verification/generated_outputs/ancestry_ld/common_variants.tsv	1849	d81e2c84f12949b09ac05834e460a3a8937ddaa94c0a391720fc4314a4eb7f79
prior_verification/generated_outputs/ancestry_ld/ld_AFR.tsv	567783	26d2b2358b364dfc988f1fc1902bc17093f3c51c78906e9a5ddc640e41457c56
prior_verification/generated_outputs/ancestry_ld/ld_AMR.tsv	682099	1bc84facf23800617c8ca67db6542e25c6a759316cf3b019bb0d5addefda6a3c
prior_verification/generated_outputs/ancestry_ld/ld_EAS.tsv	199281	f6af2631efdf3874c2349472d51cb03f89e39a46523af2ed78e9360463ac8035
prior_verification/generated_outputs/ancestry_ld/ld_EUR.tsv	483079	7c813b527e99e1a5be06cbb02378b46eab80ffc02429ebc771f35718e50e9a80
prior_verification/generated_outputs/ancestry_ld/ld_SAS.tsv	392959	4dd7889969c9d53110ad4ff8d0a70a5d7363d2fada7fb382a2a197ef616ca639
prior_verification/generated_outputs/ancestry_ld/ld_transfer_summary.tsv	1080	0bbd8a63d45bbb5f8c5fe49c007788b01c74adf482accfc15c42314e390eb6ff
prior_verification/generated_outputs/ancestry_ld/manifest.json	971	dfc34f6766d6342b1c5d5c69132ad3b0685b9335e0921a2068916f92656c61f2
prior_verification/generated_outputs/ancestry_ld/population_summary.tsv	535	f36ed17d6222340a69198d0fd29b73f45eb774bdb2f6d534a6aafa321a8cbc98
prior_verification/generated_outputs/ancestry_ld/variant_audit.tsv	67995	9edfe9312d02697e38c983ddcae9c8a46b9be06024eb2a51e0e8efed0b983d3b
prior_verification/generated_outputs/cross_resource/cross_resource_status_cases.tsv	1288	938aa808410e99c5b02f94cc2e01497fdc805a98705d8290c533fadfc50bc41b
prior_verification/generated_outputs/cross_resource/cross_resource_status_manifest.json	766	bda51abaa52f7d9f9d33758b09e4239f7a32688c8851b14dc424d5b2066bdf7e
prior_verification/generated_outputs/cross_resource/cross_resource_status_summary.tsv	202	e67a2fc2b7ae7dfccbbf4980d0ac4fc7b948cc5ad5ac4c63b9514098de7ee06c
prior_verification/generated_outputs/downstream_stress/downstream_stress_test_manifest.R	680	5b7d661a186e408e183835033bb790c0a5e5f19875848748ce0185d751b246aa
prior_verification/generated_outputs/downstream_stress/downstream_stress_test_replicates.tsv	44973	f95ed5f5400176a863ab0f39e19c500f06ef2d13a82be1e86970dc79a27577ce
prior_verification/generated_outputs/downstream_stress/downstream_stress_test_summary.tsv	641	1840815f18d34540db65778cb76b1d9cd47a403bf81798284fb47d9f16318188
prior_verification/generated_outputs/downstream_stress/figure_6_downstream_stress_test.png	543865	4e4552726c48986fe69de757c066241c01597df24a46542333e9658b3eda30d7
prior_verification/generated_outputs/downstream_stress/figure_6_downstream_stress_test.svg	35695	ce75ae512e45d2d88f7b9b8822436dfc27f6b0538ede168d8e0a76384a5c4cf4
prior_verification/generated_outputs/downstream_stress/R_sessionInfo.txt	1767	3af1716820a5e7bb80771f012a7459417f0fe1e78b1f08a4635d39eeba7698a2
prior_verification/generated_outputs/figures/figure_1_revised_contract.png	156573	5a966f6912b60e2016d626cf05bc443a1138277dbc5ccf7aaf2b191a0ff10c71
prior_verification/generated_outputs/figures/figure_1_revised_contract.svg	9277	95beea733104fdd1f74ba22f8dec93e832a7650c53354cc812fe0a5c40c6e16a
prior_verification/generated_outputs/figures/figure_1_revised_contract_manifest.json	1110	6caa2a5cdb1050b412545f80330aac11d81ba598f683d4948fbee2a5a23ae9ca
prior_verification/generated_outputs/figures/figure_2_revised_analysis_view.png	162381	f19a05c2da77bf14ba63e83586c4ecc8aa4b04e0e184da1f32b1698ed9ea229a
prior_verification/generated_outputs/figures/figure_2_revised_analysis_view.svg	14617	cb7ff740265317d2ac1257e17468bf83da3273b4b98fb2debc0a3ca9ac90e21c
prior_verification/generated_outputs/figures/figure_2_revised_analysis_view_manifest.json	1164	f55ae84547337619225afa2e05b723eecbfe1602a6d0d1d3ee6ccde5137a047a
prior_verification/generated_outputs/figures/figure_3_revised_rank.png	245215	0c0310841980e6e1d3151d985422e67bb3c12acc4678c6a7f03f707e929274c7
prior_verification/generated_outputs/figures/figure_3_revised_rank.svg	9388	c7624f1052215a57ca690e59a1aa47b963d490a880a550e87bd9b7492d397e93
prior_verification/generated_outputs/figures/figure_3_revised_rank_manifest.json	1309	8351584280dfd5f12f3e87799d09cacc02ae6d042deb8ac84e60edb5bf8ebc33
prior_verification/generated_outputs/figures/figure_4_revised_policy_reaudit.png	191978	23c090bad7787ed5250348a8799347e580e539591adc75dbec5cbac0d89de8bf
prior_verification/generated_outputs/figures/figure_4_revised_policy_reaudit.svg	14155	9df4021031997c6b3ab621644a7ed3bb4da1c4c4a60dafccdec3d2827ca40632
prior_verification/generated_outputs/figures/figure_4_revised_policy_reaudit_manifest.json	1159	a8fc3ac5ccf6fe08beaa474c0f787edeb10abfb279f3ab84b3bce221d5aa9dfc
prior_verification/generated_outputs/figures/figure_5_revised_evidence_boundary.png	276575	1f9005e4d2322e55ae2f0bf709b07de5a6a3b057b4c997f5bc1aa17ace3f4caa
prior_verification/generated_outputs/figures/figure_5_revised_evidence_boundary.svg	5741	02f9043ef5c2b6eb31e168ec6667bdb72b628dbe82b1a5e33ff06e4c0b1b05f4
prior_verification/generated_outputs/figures/figure_5_revised_evidence_boundary_manifest.json	1238	6ea7df16ea2a7cef68068841585c379862d5085bfeb8109d0c2b71830392b828
prior_verification/generated_outputs/figures/figure_6_downstream_stress_test.png	543865	4e4552726c48986fe69de757c066241c01597df24a46542333e9658b3eda30d7
prior_verification/generated_outputs/figures/figure_6_downstream_stress_test.svg	35695	ce75ae512e45d2d88f7b9b8822436dfc27f6b0538ede168d8e0a76384a5c4cf4
prior_verification/generated_outputs/figures/figure_6_downstream_stress_test_manifest.json	1627	140dce47fc0ed6e622beeb45ab63ae4675e0a0a7fa4227ee4396b604120a1b29
prior_verification/generated_outputs/final_package_audit.json	1956	5fe7c8aa31f84b59668e0574b2e8a413d05d0ed2624dd8b3a2048290fba65e9e
prior_verification/generated_outputs/final_package_audit.md	2847	d015859a3ffb2be5a32e4e5873713c6e438c149df55afaa8faa8652819b9a312
prior_verification/generated_outputs/tables/table_1_contract_taxonomy.tsv	1246	981673432a4bfda66352354c25cb780db4fc5be45397e30e736bcef1aaf591fb
prior_verification/generated_outputs/tables/table_2_validation_summary.tsv	1526	14c76c9dbb7deb2783032a168c481ce4494666cc17603bcdcf0320f06893b9f9
prior_verification/generated_outputs/tables/table_3_real_policy_reaudit.tsv	614	5a0192e2ff9de588bbde44a9df37c7c739e0a0575935cd1cb3b1750b4ae0cd6e
prior_verification/generated_outputs/tables/table_4_claim_boundaries.tsv	1176	419661f8b4a55c9977c8329a458b5f11811c77a5af653b4db6fdc7abf115e1e8
prior_verification/generated_outputs/tables/table_5_scope_comparison.tsv	1710	dec82e79113cd4197bc6e90984fefdbe2fd741f23e40ea79bc0a1dc04664db29
prior_verification/generated_outputs/tables/table_6_cross_ancestry_ld.tsv	394	7a23d5dc4ade96377c14a422f90de0e33baccb98a2911bd9187651c3d82fbd30
prior_verification/generated_outputs/tables/table_7_downstream_stress.tsv	467	185272c9bf9e417c284d265831ce700621fdc1a91e6d93ddeb603e65350ab757
prior_verification/generated_outputs/tables/table_8_cross_resource_status.tsv	229	9f17b5340f5327dde337c4610fdf6e9bcd50b4cf8fa20dcab67b7bfe7221ebc9
prior_verification/generated_outputs/tables/table_manifest.json	3703	5d5c6349324c7016da2e4e0cc1ca31330bdb86b2dd12b4b89c45020495ac0815
prior_verification/HISTORICAL_SCOPE_NOTICE.md	370	f48c7d4609e17e146368a3d3e8cfd3d30e940e7237658220424081636c25345d
prior_verification/README.md	1693	1a9693fba7ca3aa6648c7a8eb06ce42749814c779a8349e428668c4944b4dfbb
prior_verification/SHA256SUMS.txt	21800	71aa9f9390c849ca3a410f5b997254106c53a4a7d92d7f44eabcbbd64f270b33
README.md	651	5e245a406218d34c7ab0b08e3bd73cfbd7f6ec7d869c3a40f5212d2773837181
