population	variant_id	status	maf	missing_genotypes_imputed
EUR	chr11_2074316_C_T	excluded_low_frequency_or_monomorphic	0.0009940357852882703	0
EUR	chr11_2074632_A_C	excluded_low_frequency_or_monomorphic	0.0009940357852882703	0
EUR	chr11_2076844_T_C	excluded_low_frequency_or_monomorphic	0.0009940357852882703	0
EUR	chr11_2079295_A_G	excluded_low_frequency_or_monomorphic	0.0009940357852882703	0
EUR	chr11_2082751_A_G	excluded_low_frequency_or_monomorphic	0.0009940357852882703	0
EUR	chr11_2082869_C_T	excluded_low_frequency_or_monomorphic	0.0009940357852882703	0
EUR	chr11_2083463_G_A	excluded_low_frequency_or_monomorphic	0.0009940357852882703	0
EUR	chr11_2083657_C_G	excluded_low_frequency_or_monomorphic	0.0009940357852882703	0
EUR	chr11_2083658_C_T	excluded_low_frequency_or_monomorphic	0.0009940357852882703	0
EUR	chr11_2086893_CAGT_C	excluded_low_frequency_or_monomorphic	0.0009940357852882703	0
EUR	chr11_2087361_A_G	excluded_low_frequency_or_monomorphic	0.0009940357852882703	0
EUR	chr11_2087607_T_C	excluded_low_frequency_or_monomorphic	0.0009940357852882703	0
EUR	chr11_2088353_G_A	excluded_low_frequency_or_monomorphic	0.008946322067594433	0
EUR	chr11_2090389_G_A	excluded_low_frequency_or_monomorphic	0.0009940357852882703	0
EUR	chr11_2094579_G_A	excluded_low_frequency_or_monomorphic	0.0009940357852882703	0
EUR	chr11_2096564_C_G	excluded_low_frequency_or_monomorphic	0.0009940357852882703	0
EUR	chr11_2097177_C_A	excluded_low_frequency_or_monomorphic	0.0009940357852882703	0
EUR	chr11_2099687_T_C	excluded_low_frequency_or_monomorphic	0.009940357852882704	0
EUR	chr11_2101317_A_T	excluded_low_frequency_or_monomorphic	0.0	0
EUR	chr11_2102842_G_A	excluded_low_frequency_or_monomorphic	0.0	0
EUR	chr11_2103039_T_G	excluded_low_frequency_or_monomorphic	0.0009940357852882703	0
EUR	chr11_2104272_G_A	excluded_low_frequency_or_monomorphic	0.0	0
EUR	chr11_2105215_T_G	excluded_low_frequency_or_monomorphic	0.0	0
EUR	chr11_2106354_T_C	excluded_low_frequency_or_monomorphic	0.0	0
EUR	chr11_2106930_T_C	excluded_low_frequency_or_monomorphic	0.0009940357852882703	0
EUR	chr11_2107154_G_A	excluded_low_frequency_or_monomorphic	0.0009940357852882703	0
EUR	chr11_2107216_C_A	excluded_low_frequency_or_monomorphic	0.0009940357852882703	0
EUR	chr11_2107752_C_T	excluded_low_frequency_or_monomorphic	0.0	0
EUR	chr11_2108712_G_C	excluded_low_frequency_or_monomorphic	0.0	0
EUR	chr11_2109059_G_A	excluded_low_frequency_or_monomorphic	0.0009940357852882703	0
EUR	chr11_2112258_T_C	excluded_low_frequency_or_monomorphic	0.001988071570576566	0
EUR	chr11_2114811_T_C	excluded_low_frequency_or_monomorphic	0.0	0
EUR	chr11_2115454_C_T	excluded_low_frequency_or_monomorphic	0.0009940357852882703	0
EUR	chr11_2115704_C_T	excluded_low_frequency_or_monomorphic	0.0009940357852882703	0
EUR	chr11_2115906_C_T	excluded_low_frequency_or_monomorphic	0.0009940357852882703	0
EUR	chr11_2116519_C_T	excluded_low_frequency_or_monomorphic	0.0009940357852882703	0
EUR	chr11_2116887_C_T	excluded_low_frequency_or_monomorphic	0.0009940357852882703	0
EUR	chr11_2117677_C_T	excluded_low_frequency_or_monomorphic	0.0019880715705765406	0
EUR	chr11_2118063_A_ACT	excluded_low_frequency_or_monomorphic	0.0009940357852882703	0
EUR	chr11_2118403_A_C	excluded_low_frequency_or_monomorphic	0.0009940357852882703	0
EUR	chr11_2118815_G_A	excluded_low_frequency_or_monomorphic	0.0009940357852882703	0
EUR	chr11_2119046_G_A	excluded_low_frequency_or_monomorphic	0.0009940357852882703	0
EUR	chr11_2119119_G_T	excluded_low_frequency_or_monomorphic	0.0009940357852882703	0
EUR	chr11_2119159_G_A	excluded_low_frequency_or_monomorphic	0.0009940357852882703	0
EUR	chr11_2119781_G_A	excluded_low_frequency_or_monomorphic	0.0	0
EUR	chr11_2119803_C_T	excluded_low_frequency_or_monomorphic	0.0009940357852882703	0
EUR	chr11_2040128_A_G	retained	0.04671968190854871	0
EUR	chr11_2040476_C_T	retained	0.040755467196819085	0
EUR	chr11_2063051_C_T	retained	0.25646123260437376	0
EUR	chr11_2063598_G_A	retained	0.30119284294234594	0
EUR	chr11_2063846_C_T	retained	0.27435387673956263	0
EUR	chr11_2064769_A_G	retained	0.2753479125248509	0
EUR	chr11_2065099_T_C	retained	0.30119284294234594	0
EUR	chr11_2065330_T_C	retained	0.11530815109343936	0
EUR	chr11_2065765_C_A	retained	0.30218687872763417	0
EUR	chr11_2065900_C_T	retained	0.30119284294234594	0
EUR	chr11_2066031_T_G	retained	0.30119284294234594	0
EUR	chr11_2066970_G_A	retained	0.18588469184890655	0
EUR	chr11_2067320_C_T	retained	0.27435387673956263	0
EUR	chr11_2068243_A_AT	retained	0.11530815109343936	0
EUR	chr11_2068717_A_G	retained	0.25844930417495027	0
EUR	chr11_2068776_A_G	retained	0.18588469184890655	0
EUR	chr11_2068968_C_T	retained	0.033797216699801194	0
EUR	chr11_2069125_TCTCCATACTCCATTTTCCACA_T	retained	0.23757455268389663	0
EUR	chr11_2070333_C_T	retained	0.28429423459244535	0
EUR	chr11_2070570_C_T	retained	0.28429423459244535	0
EUR	chr11_2070813_A_C	retained	0.16500994035785288	0
EUR	chr11_2070926_A_T	retained	0.28429423459244535	0
EUR	chr11_2070993_T_G	retained	0.4662027833001988	0
EUR	chr11_2070994_C_T	retained	0.4662027833001988	0
EUR	chr11_2072097_C_T	retained	0.07256461232604373	0
EUR	chr11_2072504_T_C	retained	0.27037773359840955	0
EUR	chr11_2072719_A_T	retained	0.07256461232604373	0
EUR	chr11_2072834_C_T	retained	0.1749502982107356	0
EUR	chr11_2073182_A_G	retained	0.19483101391650098	0
EUR	chr11_2073378_C_T	retained	0.46222664015904574	0
EUR	chr11_2073444_A_G	retained	0.46222664015904574	0
EUR	chr11_2073476_A_C	retained	0.46222664015904574	0
EUR	chr11_2073913_A_G	retained	0.2693836978131213	0
EUR	chr11_2074376_A_G	retained	0.12823061630218688	0
EUR	chr11_2074576_C_A	retained	0.2693836978131213	0
EUR	chr11_2074763_T_TG	retained	0.07157057654075547	0
EUR	chr11_2074764_A_G	retained	0.07157057654075547	0
EUR	chr11_2075149_A_G	retained	0.2693836978131213	0
EUR	chr11_2075252_T_C	retained	0.2693836978131213	0
EUR	chr11_2075577_G_A	retained	0.2693836978131213	0
EUR	chr11_2075720_C_G	retained	0.19483101391650098	0
EUR	chr11_2075736_C_T	retained	0.27037773359840955	0
EUR	chr11_2076043_C_A	retained	0.12823061630218688	0
EUR	chr11_2076311_A_C	retained	0.12823061630218688	0
EUR	chr11_2076798_T_C	retained	0.27037773359840955	0
EUR	chr11_2076994_T_C	retained	0.1610337972166998	0
EUR	chr11_2077046_CCA_C	retained	0.1779324055666004	0
EUR	chr11_2077056_T_G	retained	0.1779324055666004	0
EUR	chr11_2077271_C_T	retained	0.17992047713717693	0
EUR	chr11_2077310_A_G	retained	0.07852882703777336	0
EUR	chr11_2077486_A_G	retained	0.4701789264413519	0
EUR	chr11_2077866_C_T	retained	0.055666003976143144	0
EUR	chr11_2077895_T_G	retained	0.016898608349900597	0
EUR	chr11_2078005_C_G	retained	0.0775347912524851	0
EUR	chr11_2078638_T_C	retained	0.27037773359840955	0
EUR	chr11_2078639_G_A	retained	0.016898608349900597	0
EUR	chr11_2078679_T_C	retained	0.018886679920477135	0
EUR	chr11_2078742_G_A	retained	0.2803180914512923	0
EUR	chr11_2078745_A_T	retained	0.0775347912524851	0
EUR	chr11_2078858_A_AT	retained	0.2713717693836978	0
EUR	chr11_2080254_A_G	retained	0.2693836978131213	0
EUR	chr11_2080572_A_C	retained	0.020874751491053677	0
EUR	chr11_2080612_C_T	retained	0.18091451292246521	0
EUR	chr11_2081637_C_CT	retained	0.4502982107355865	0
EUR	chr11_2081917_A_G	retained	0.18091451292246521	0
EUR	chr11_2082061_G_A	retained	0.07952286282306163	0
EUR	chr11_2082423_C_T	retained	0.2693836978131213	0
EUR	chr11_2082702_C_CA	retained	0.27037773359840955	0
EUR	chr11_2082990_C_T	retained	0.26043737574552683	0
EUR	chr11_2083709_C_T	retained	0.27037773359840955	0
EUR	chr11_2084014_C_T	retained	0.2693836978131213	0
EUR	chr11_2084913_T_C	retained	0.45129224652087474	0
EUR	chr11_2085855_C_T	retained	0.0805168986083499	0
EUR	chr11_2086132_G_A	retained	0.2693836978131213	0
EUR	chr11_2086270_C_T	retained	0.07952286282306163	0
EUR	chr11_2086561_C_G	retained	0.06660039761431412	0
EUR	chr11_2087220_T_C	retained	0.46819085487077533	0
EUR	chr11_2087412_A_T	retained	0.46819085487077533	0
EUR	chr11_2087727_T_G	retained	0.2693836978131213	0
EUR	chr11_2087911_T_C	retained	0.2693836978131213	0
EUR	chr11_2088229_C_T	retained	0.4125248508946322	0
EUR	chr11_2089861_A_G	retained	0.2693836978131213	0
EUR	chr11_2090336_T_G	retained	0.27037773359840955	0
EUR	chr11_2090456_T_G	retained	0.31809145129224653	0
EUR	chr11_2090748_T_C	retained	0.055666003976143144	0
EUR	chr11_2091639_C_T	retained	0.06858846918489066	0
EUR	chr11_2092983_G_C	retained	0.46819085487077533	0
EUR	chr11_2092999_C_G	retained	0.06858846918489066	0
EUR	chr11_2093065_C_T	retained	0.18190854870775347	0
EUR	chr11_2093603_C_A	retained	0.24950298210735586	0
EUR	chr11_2093897_G_A	retained	0.46819085487077533	0
EUR	chr11_2094303_C_T	retained	0.24950298210735586	0
EUR	chr11_2094347_C_T	retained	0.06660039761431412	0
EUR	chr11_2094599_G_A	retained	0.2504970178926441	0
EUR	chr11_2094739_C_T	retained	0.040755467196819085	0
EUR	chr11_2094762_G_A	retained	0.06660039761431412	0
EUR	chr11_2094852_T_C	retained	0.24055666003976142	0
EUR	chr11_2095273_C_T	retained	0.17892644135188868	0
EUR	chr11_2095721_C_G	retained	0.02286282306163022	0
EUR	chr11_2095733_C_A	retained	0.07852882703777336	0
EUR	chr11_2095799_A_G	retained	0.24751491053677932	0
EUR	chr11_2095814_GACA_G	retained	0.48906560636182905	0
EUR	chr11_2095878_C_T	retained	0.019880715705765408	0
EUR	chr11_2095968_T_C	retained	0.24751491053677932	0
EUR	chr11_2096158_C_T	retained	0.018886679920477135	0
EUR	chr11_2096707_G_A	retained	0.4880715705765407	0
EUR	chr11_2096908_C_T	retained	0.24652087475149106	0
EUR	chr11_2096919_G_A	retained	0.1709741550695825	0
EUR	chr11_2097561_T_C	retained	0.4880715705765407	0
EUR	chr11_2097671_G_A	retained	0.07654075546719682	0
EUR	chr11_2097923_A_G	retained	0.013916500994035786	0
EUR	chr11_2097954_C_T	retained	0.24751491053677932	0
EUR	chr11_2098122_C_T	retained	0.0805168986083499	0
EUR	chr11_2098180_AC_A	retained	0.1709741550695825	0
EUR	chr11_2098701_A_AT	retained	0.2485089463220676	0
EUR	chr11_2099684_T_C	retained	0.17196819085487078	0
EUR	chr11_2099854_G_A	retained	0.4900596421471173	0
EUR	chr11_2101283_G_A	retained	0.1709741550695825	0
EUR	chr11_2101345_C_T	retained	0.2524850894632207	0
EUR	chr11_2101692_T_C	retained	0.08151093439363817	0
EUR	chr11_2101748_G_T	retained	0.010934393638170975	0
EUR	chr11_2101749_A_T	retained	0.010934393638170975	0
EUR	chr11_2101804_G_A	retained	0.2524850894632207	0
EUR	chr11_2102033_G_A	retained	0.4900596421471173	0
EUR	chr11_2102146_A_AC	retained	0.05864811133200795	0
EUR	chr11_2102868_G_A	retained	0.02286282306163022	0
EUR	chr11_2102978_A_C	retained	0.0805168986083499	0
EUR	chr11_2103063_T_C	retained	0.41749502982107356	0
EUR	chr11_2103073_T_TC	retained	0.4194831013916501	0
EUR	chr11_2103563_C_T	retained	0.027833001988071572	0
EUR	chr11_2104098_C_T	retained	0.06958250497017893	0
EUR	chr11_2104138_A_G	retained	0.2345924453280318	0
EUR	chr11_2104159_C_T	retained	0.06958250497017893	0
EUR	chr11_2105673_C_T	retained	0.02186878727634195	0
EUR	chr11_2106729_G_A	retained	0.06958250497017893	0
EUR	chr11_2107025_C_T	retained	0.2345924453280318	0
EUR	chr11_2107107_G_A	retained	0.17892644135188868	0
EUR	chr11_2107122_C_T	retained	0.17992047713717693	0
EUR	chr11_2107655_C_A	retained	0.17892644135188868	0
EUR	chr11_2107742_G_A	retained	0.06958250497017893	0
EUR	chr11_2107761_C_T	retained	0.2345924453280318	0
EUR	chr11_2107854_G_T	retained	0.2345924453280318	0
EUR	chr11_2108072_G_A	retained	0.2345924453280318	0
EUR	chr11_2108091_G_GAGTC	retained	0.4850894632206759	0
EUR	chr11_2108136_G_T	retained	0.012922465208747515	0
EUR	chr11_2108689_C_T	retained	0.17892644135188868	0
EUR	chr11_2108794_C_T	retained	0.2485089463220676	0
EUR	chr11_2108997_G_A	retained	0.0705765407554672	0
EUR	chr11_2109282_GC_G	retained	0.24950298210735586	0
EUR	chr11_2109320_TG_T	retained	0.17892644135188868	0
EUR	chr11_2109585_G_A	retained	0.019880715705765408	0
EUR	chr11_2109650_G_GC	retained	0.48310139165009935	0
EUR	chr11_2110046_T_C	retained	0.073558648111332	0
EUR	chr11_2110067_G_A	retained	0.4821073558648111	0
EUR	chr11_2111124_C_G	retained	0.23061630218687867	0
EUR	chr11_2111243_A_G	retained	0.22962226640159045	0
EUR	chr11_2111386_G_C	retained	0.1779324055666004	0
EUR	chr11_2111406_A_C	retained	0.22962226640159045	0
EUR	chr11_2111509_A_G	retained	0.22962226640159045	0
EUR	chr11_2111531_A_G	retained	0.231610337972167	0
EUR	chr11_2111568_G_A	retained	0.040755467196819085	0
EUR	chr11_2111990_C_T	retained	0.040755467196819085	0
EUR	chr11_2113165_C_T	retained	0.040755467196819085	0
EUR	chr11_2113904_C_G	retained	0.014910536779324055	0
EUR	chr11_2113931_G_A	retained	0.34890656063618286	0
EUR	chr11_2114221_T_C	retained	0.06063618290258449	0
EUR	chr11_2114571_C_G	retained	0.2624254473161034	0
EUR	chr11_2114583_C_T	retained	0.05864811133200795	0
EUR	chr11_2115390_C_T	retained	0.1918489065606362	0
EUR	chr11_2115636_A_G	retained	0.011928429423459244	0
EUR	chr11_2116134_G_T	retained	0.013916500994035786	0
EUR	chr11_2116314_C_T	retained	0.04473161033797217	0
EUR	chr11_2116492_C_G	retained	0.40159045725646125	0
EUR	chr11_2116493_T_A	retained	0.4005964214711729	0
EUR	chr11_2116668_G_T	retained	0.02286282306163022	0
EUR	chr11_2116686_G_C	retained	0.3280318091451292	0
EUR	chr11_2116776_T_C	retained	0.40159045725646125	0
EUR	chr11_2117063_T_C	retained	0.02186878727634195	0
EUR	chr11_2117403_A_G	retained	0.32703777335984097	0
EUR	chr11_2118282_A_G	retained	0.07157057654075547	0
EUR	chr11_2118338_C_CGCTCTGAG	retained	0.12027833001988071	0
EUR	chr11_2118860_T_G	retained	0.3807157057654076	0
EUR	chr11_2119283_C_T	retained	0.1172962226640159	0
EUR	chr11_2119780_C_A	retained	0.03578528827037773	0
EUR	chr11_2120123_C_T	retained	0.05467196819085487	0
EUR	chr11_2120298_A_G	retained	0.09343936381709742	0
EUR	chr11_2120805_A_G	retained	0.07455268389662027	0
EUR	chr11_2121017_G_A	retained	0.02286282306163022	0
AFR	chr11_2040476_C_T	excluded_low_frequency_or_monomorphic	0.0	0
AFR	chr11_2072834_C_T	excluded_low_frequency_or_monomorphic	0.007564296520423601	0
AFR	chr11_2077866_C_T	excluded_low_frequency_or_monomorphic	0.0015128593040847202	0
AFR	chr11_2077895_T_G	excluded_low_frequency_or_monomorphic	0.0015128593040847202	0
AFR	chr11_2078639_G_A	excluded_low_frequency_or_monomorphic	0.0015128593040847202	0
AFR	chr11_2078679_T_C	excluded_low_frequency_or_monomorphic	0.0015128593040847202	0
AFR	chr11_2080572_A_C	excluded_low_frequency_or_monomorphic	0.0015128593040847202	0
AFR	chr11_2088353_G_A	excluded_low_frequency_or_monomorphic	0.0007564296520423601	0
AFR	chr11_2094739_C_T	excluded_low_frequency_or_monomorphic	0.0007564296520423601	0
AFR	chr11_2095721_C_G	excluded_low_frequency_or_monomorphic	0.0007564296520423601	0
AFR	chr11_2095878_C_T	excluded_low_frequency_or_monomorphic	0.0	0
AFR	chr11_2096158_C_T	excluded_low_frequency_or_monomorphic	0.0015128593040847202	0
AFR	chr11_2097923_A_G	excluded_low_frequency_or_monomorphic	0.0	0
AFR	chr11_2099687_T_C	excluded_low_frequency_or_monomorphic	0.0007564296520423601	0
AFR	chr11_2101748_G_T	excluded_low_frequency_or_monomorphic	0.0007564296520423601	0
AFR	chr11_2101749_A_T	excluded_low_frequency_or_monomorphic	0.0007564296520423601	0
AFR	chr11_2102146_A_AC	excluded_low_frequency_or_monomorphic	0.00529500756429652	0
AFR	chr11_2102868_G_A	excluded_low_frequency_or_monomorphic	0.0	0
AFR	chr11_2103563_C_T	excluded_low_frequency_or_monomorphic	0.0007564296520423601	0
AFR	chr11_2105673_C_T	excluded_low_frequency_or_monomorphic	0.0	0
AFR	chr11_2108136_G_T	excluded_low_frequency_or_monomorphic	0.0007564296520423601	0
AFR	chr11_2109585_G_A	excluded_low_frequency_or_monomorphic	0.0015128593040847202	0
AFR	chr11_2113904_C_G	excluded_low_frequency_or_monomorphic	0.0	0
AFR	chr11_2115636_A_G	excluded_low_frequency_or_monomorphic	0.0	0
AFR	chr11_2116134_G_T	excluded_low_frequency_or_monomorphic	0.0007564296520423601	0
AFR	chr11_2116314_C_T	excluded_low_frequency_or_monomorphic	0.0007564296520423601	0
AFR	chr11_2116668_G_T	excluded_low_frequency_or_monomorphic	0.0007564296520423601	0
AFR	chr11_2117063_T_C	excluded_low_frequency_or_monomorphic	0.0	0
AFR	chr11_2119283_C_T	excluded_low_frequency_or_monomorphic	0.00529500756429652	0
AFR	chr11_2119780_C_A	excluded_low_frequency_or_monomorphic	0.0015128593040847202	0
AFR	chr11_2120123_C_T	excluded_low_frequency_or_monomorphic	0.00529500756429652	0
AFR	chr11_2121017_G_A	excluded_low_frequency_or_monomorphic	0.0015128593040847202	0
AFR	chr11_2040128_A_G	retained	0.2231467473524962	0
AFR	chr11_2063051_C_T	retained	0.15960665658093798	0
AFR	chr11_2063598_G_A	retained	0.3434190620272315	0
AFR	chr11_2063846_C_T	retained	0.17700453857791226	0
AFR	chr11_2064769_A_G	retained	0.22087745839636913	0
AFR	chr11_2065099_T_C	retained	0.34568835098335854	0
AFR	chr11_2065330_T_C	retained	0.2874432677760968	0
AFR	chr11_2065765_C_A	retained	0.3464447806354009	0
AFR	chr11_2065900_C_T	retained	0.34568835098335854	0
AFR	chr11_2066031_T_G	retained	0.34568835098335854	0
AFR	chr11_2066970_G_A	retained	0.05597579425113464	0
AFR	chr11_2067320_C_T	retained	0.1777609682299546	0
AFR	chr11_2068243_A_AT	retained	0.22087745839636913	0
AFR	chr11_2068717_A_G	retained	0.01966717095310133	0
AFR	chr11_2068776_A_G	retained	0.056732223903177004	0
AFR	chr11_2068968_C_T	retained	0.15279878971255673	0
AFR	chr11_2069125_TCTCCATACTCCATTTTCCACA_T	retained	0.2178517397881997	0
AFR	chr11_2070333_C_T	retained	0.397125567322239	0
AFR	chr11_2070570_C_T	retained	0.397125567322239	0
AFR	chr11_2070813_A_C	retained	0.24130105900151286	0
AFR	chr11_2070926_A_T	retained	0.39939485627836613	0
AFR	chr11_2070993_T_G	retained	0.4228441754916793	0
AFR	chr11_2070994_C_T	retained	0.4205748865355522	0
AFR	chr11_2072097_C_T	retained	0.12859304084720122	0
AFR	chr11_2072504_T_C	retained	0.2881996974281392	0
AFR	chr11_2072719_A_T	retained	0.2534039334341906	0
AFR	chr11_2073182_A_G	retained	0.1875945537065053	0
AFR	chr11_2073378_C_T	retained	0.3177004538577912	0
AFR	chr11_2073444_A_G	retained	0.3184568835098336	0
AFR	chr11_2073476_A_C	retained	0.3199697428139183	0
AFR	chr11_2073913_A_G	retained	0.07564296520423597	0
AFR	chr11_2074316_C_T	retained	0.16717095310136157	0
AFR	chr11_2074376_A_G	retained	0.2670196671709531	0
AFR	chr11_2074576_C_A	retained	0.08169440242057491	0
AFR	chr11_2074632_A_C	retained	0.17322239031770045	0
AFR	chr11_2074763_T_TG	retained	0.1308623298033283	0
AFR	chr11_2074764_A_G	retained	0.13161875945537066	0
AFR	chr11_2075149_A_G	retained	0.07564296520423597	0
AFR	chr11_2075252_T_C	retained	0.07564296520423597	0
AFR	chr11_2075577_G_A	retained	0.11951588502269284	0
AFR	chr11_2075720_C_G	retained	0.02118003025718608	0
AFR	chr11_2075736_C_T	retained	0.08169440242057491	0
AFR	chr11_2076043_C_A	retained	0.2443267776096823	0
AFR	chr11_2076311_A_C	retained	0.25718608169440244	0
AFR	chr11_2076798_T_C	retained	0.07639939485627834	0
AFR	chr11_2076844_T_C	retained	0.17397881996974282	0
AFR	chr11_2076994_T_C	retained	0.08698940998487141	0
AFR	chr11_2077046_CCA_C	retained	0.06732223903177005	0
AFR	chr11_2077056_T_G	retained	0.06732223903177005	0
AFR	chr11_2077271_C_T	retained	0.07034795763993948	0
AFR	chr11_2077310_A_G	retained	0.25416036308623297	0
AFR	chr11_2077486_A_G	retained	0.340393343419062	0
AFR	chr11_2078005_C_G	retained	0.07261724659606657	0
AFR	chr11_2078638_T_C	retained	0.08169440242057491	0
AFR	chr11_2078742_G_A	retained	0.08245083207261727	0
AFR	chr11_2078745_A_T	retained	0.07337367624810892	0
AFR	chr11_2078858_A_AT	retained	0.08169440242057491	0
AFR	chr11_2079295_A_G	retained	0.1800302571860817	0
AFR	chr11_2080254_A_G	retained	0.07639939485627834	0
AFR	chr11_2080612_C_T	retained	0.08850226928895613	0
AFR	chr11_2081637_C_CT	retained	0.17397881996974285	0
AFR	chr11_2081917_A_G	retained	0.09228441754916793	0
AFR	chr11_2082061_G_A	retained	0.26021180030257185	0
AFR	chr11_2082423_C_T	retained	0.06656580937972767	0
AFR	chr11_2082702_C_CA	retained	0.0748865355521936	0
AFR	chr11_2082751_A_G	retained	0.1800302571860817	0
AFR	chr11_2082869_C_T	retained	0.11875945537065052	0
AFR	chr11_2082990_C_T	retained	0.41225416036308626	0
AFR	chr11_2083463_G_A	retained	0.17397881996974282	0
AFR	chr11_2083657_C_G	retained	0.17322239031770045	0
AFR	chr11_2083658_C_T	retained	0.17322239031770045	0
AFR	chr11_2083709_C_T	retained	0.06505295007564293	0
AFR	chr11_2084014_C_T	retained	0.06656580937972767	0
AFR	chr11_2084913_T_C	retained	0.16187594553706508	0
AFR	chr11_2085855_C_T	retained	0.49924357034795763	0
AFR	chr11_2086132_G_A	retained	0.0658093797276853	0
AFR	chr11_2086270_C_T	retained	0.24205748865355523	0
AFR	chr11_2086561_C_G	retained	0.0718608169440242	0
AFR	chr11_2086893_CAGT_C	retained	0.2518910741301059	0
AFR	chr11_2087220_T_C	retained	0.3388804841149773	0
AFR	chr11_2087361_A_G	retained	0.24962178517397882	0
AFR	chr11_2087412_A_T	retained	0.3388804841149773	0
AFR	chr11_2087607_T_C	retained	0.17397881996974282	0
AFR	chr11_2087727_T_G	retained	0.027231467473525006	0
AFR	chr11_2087911_T_C	retained	0.06959152798789714	0
AFR	chr11_2088229_C_T	retained	0.3350983358547655	0
AFR	chr11_2089861_A_G	retained	0.06959152798789714	0
AFR	chr11_2090336_T_G	retained	0.3540090771558245	0
AFR	chr11_2090389_G_A	retained	0.17549167927382753	0
AFR	chr11_2090456_T_G	retained	0.3441754916792738	0
AFR	chr11_2090748_T_C	retained	0.03328290468986384	0
AFR	chr11_2091639_C_T	retained	0.2367624810892587	0
AFR	chr11_2092983_G_C	retained	0.33661119515885024	0
AFR	chr11_2092999_C_G	retained	0.23751891074130105	0
AFR	chr11_2093065_C_T	retained	0.049167927382753406	0
AFR	chr11_2093603_C_A	retained	0.283661119515885	0
AFR	chr11_2093897_G_A	retained	0.3350983358547655	0
AFR	chr11_2094303_C_T	retained	0.33434190620272314	0
AFR	chr11_2094347_C_T	retained	0.0718608169440242	0
AFR	chr11_2094579_G_A	retained	0.1815431164901664	0
AFR	chr11_2094599_G_A	retained	0.3381240544629349	0
AFR	chr11_2094762_G_A	retained	0.0718608169440242	0
AFR	chr11_2094852_T_C	retained	0.3358547655068079	0
AFR	chr11_2095273_C_T	retained	0.07715582450832073	0
AFR	chr11_2095733_C_A	retained	0.45007564296520425	0
AFR	chr11_2095799_A_G	retained	0.4931921331316188	0
AFR	chr11_2095814_GACA_G	retained	0.17473524962178516	0
AFR	chr11_2095968_T_C	retained	0.4977307110438729	0
AFR	chr11_2096564_C_G	retained	0.23751891074130105	0
AFR	chr11_2096707_G_A	retained	0.17397881996974282	0
AFR	chr11_2096908_C_T	retained	0.060514372163388806	0
AFR	chr11_2096919_G_A	retained	0.09757942511346444	0
AFR	chr11_2097177_C_A	retained	0.1875945537065053	0
AFR	chr11_2097561_T_C	retained	0.17397881996974282	0
AFR	chr11_2097671_G_A	retained	0.22617246596066565	0
AFR	chr11_2097954_C_T	retained	0.33661119515885024	0
AFR	chr11_2098122_C_T	retained	0.22617246596066565	0
AFR	chr11_2098180_AC_A	retained	0.03328290468986384	0
AFR	chr11_2098701_A_AT	retained	0.340393343419062	0
AFR	chr11_2099684_T_C	retained	0.03328290468986384	0
AFR	chr11_2099854_G_A	retained	0.18305597579425115	0
AFR	chr11_2101283_G_A	retained	0.11119515885022693	0
AFR	chr11_2101317_A_T	retained	0.17473524962178516	0
AFR	chr11_2101345_C_T	retained	0.33661119515885024	0
AFR	chr11_2101692_T_C	retained	0.22617246596066565	0
AFR	chr11_2101804_G_A	retained	0.3373676248108926	0
AFR	chr11_2102033_G_A	retained	0.18229954614220878	0
AFR	chr11_2102842_G_A	retained	0.1649016641452345	0
AFR	chr11_2102978_A_C	retained	0.046898638426626324	0
AFR	chr11_2103039_T_G	retained	0.22995461422087746	0
AFR	chr11_2103063_T_C	retained	0.37140695915279875	0
AFR	chr11_2103073_T_TC	retained	0.3819969742813918	0
AFR	chr11_2104098_C_T	retained	0.09757942511346444	0
AFR	chr11_2104138_A_G	retained	0.14220877458396364	0
AFR	chr11_2104159_C_T	retained	0.09757942511346444	0
AFR	chr11_2104272_G_A	retained	0.15809379727685324	0
AFR	chr11_2105215_T_G	retained	0.22995461422087746	0
AFR	chr11_2106354_T_C	retained	0.1588502269288956	0
AFR	chr11_2106729_G_A	retained	0.329803328290469	0
AFR	chr11_2106930_T_C	retained	0.1928895612708018	0
AFR	chr11_2107025_C_T	retained	0.3366111951588502	0
AFR	chr11_2107107_G_A	retained	0.025718608169440244	0
AFR	chr11_2107122_C_T	retained	0.0264750378214826	0
AFR	chr11_2107154_G_A	retained	0.12027231467473525	0
AFR	chr11_2107216_C_A	retained	0.12027231467473525	0
AFR	chr11_2107655_C_A	retained	0.025718608169440244	0
AFR	chr11_2107742_G_A	retained	0.09757942511346444	0
AFR	chr11_2107752_C_T	retained	0.1588502269288956	0
AFR	chr11_2107761_C_T	retained	0.4977307110438729	0
AFR	chr11_2107854_G_T	retained	0.32148260211800306	0
AFR	chr11_2108072_G_A	retained	0.3207261724659607	0
AFR	chr11_2108091_G_GAGTC	retained	0.18835098335854766	0
AFR	chr11_2108689_C_T	retained	0.0264750378214826	0
AFR	chr11_2108712_G_C	retained	0.1588502269288956	0
AFR	chr11_2108794_C_T	retained	0.2821482602118003	0
AFR	chr11_2108997_G_A	retained	0.3789712556732224	0
AFR	chr11_2109059_G_A	retained	0.12178517397881997	0
AFR	chr11_2109282_GC_G	retained	0.2481089258698941	0
AFR	chr11_2109320_TG_T	retained	0.0340393343419062	0
AFR	chr11_2109650_G_GC	retained	0.3842662632375189	0
AFR	chr11_2110046_T_C	retained	0.21558245083207261	0
AFR	chr11_2110067_G_A	retained	0.17246596066565809	0
AFR	chr11_2111124_C_G	retained	0.3222390317700454	0
AFR	chr11_2111243_A_G	retained	0.13010590015128598	0
AFR	chr11_2111386_G_C	retained	0.018154311649016642	0
AFR	chr11_2111406_A_C	retained	0.13010590015128598	0
AFR	chr11_2111509_A_G	retained	0.30786686838124055	0
AFR	chr11_2111531_A_G	retained	0.3071104387291982	0
AFR	chr11_2111568_G_A	retained	0.04387291981845688	0
AFR	chr11_2111990_C_T	retained	0.039334341906202726	0
AFR	chr11_2112258_T_C	retained	0.3252647503782148	0
AFR	chr11_2113165_C_T	retained	0.05597579425113464	0
AFR	chr11_2113931_G_A	retained	0.15658093797276854	0
AFR	chr11_2114221_T_C	retained	0.13313161875945537	0
AFR	chr11_2114571_C_G	retained	0.09455370650529504	0
AFR	chr11_2114583_C_T	retained	0.22692889561270801	0
AFR	chr11_2114811_T_C	retained	0.19969742813918306	0
AFR	chr11_2115390_C_T	retained	0.12708018154311648	0
AFR	chr11_2115454_C_T	retained	0.10665658093797277	0
AFR	chr11_2115704_C_T	retained	0.20121028744326777	0
AFR	chr11_2115906_C_T	retained	0.26626323751891073	0
AFR	chr11_2116492_C_G	retained	0.3615733736762481	0
AFR	chr11_2116493_T_A	retained	0.22390317700453854	0
AFR	chr11_2116519_C_T	retained	0.29046898638426627	0
AFR	chr11_2116686_G_C	retained	0.05748865355521937	0
AFR	chr11_2116776_T_C	retained	0.15809379727685324	0
AFR	chr11_2116887_C_T	retained	0.2897125567322239	0
AFR	chr11_2117403_A_G	retained	0.05748865355521937	0
AFR	chr11_2117677_C_T	retained	0.1649016641452345	0
AFR	chr11_2118063_A_ACT	retained	0.19667170953101362	0
AFR	chr11_2118282_A_G	retained	0.037065052950075644	0
AFR	chr11_2118338_C_CGCTCTGAG	retained	0.0113464447806354	0
AFR	chr11_2118403_A_C	retained	0.16263237518910742	0
AFR	chr11_2118815_G_A	retained	0.2753403933434191	0
AFR	chr11_2118860_T_G	retained	0.05824508320726174	0
AFR	chr11_2119046_G_A	retained	0.1475037821482602	0
AFR	chr11_2119119_G_T	retained	0.22768532526475038	0
AFR	chr11_2119159_G_A	retained	0.1875945537065053	0
AFR	chr11_2119781_G_A	retained	0.1308623298033283	0
AFR	chr11_2119803_C_T	retained	0.1573373676248109	0
AFR	chr11_2120298_A_G	retained	0.18305597579425115	0
AFR	chr11_2120805_A_G	retained	0.17397881996974282	0
EAS	chr11_2040476_C_T	excluded_low_frequency_or_monomorphic	0.0	0
EAS	chr11_2068968_C_T	excluded_low_frequency_or_monomorphic	0.001984126984126984	0
EAS	chr11_2072097_C_T	excluded_low_frequency_or_monomorphic	0.001984126984126984	0
EAS	chr11_2072719_A_T	excluded_low_frequency_or_monomorphic	0.002976190476190476	0
EAS	chr11_2074316_C_T	excluded_low_frequency_or_monomorphic	0.0	0
EAS	chr11_2074376_A_G	excluded_low_frequency_or_monomorphic	0.002976190476190476	0
EAS	chr11_2074632_A_C	excluded_low_frequency_or_monomorphic	0.0	0
EAS	chr11_2074763_T_TG	excluded_low_frequency_or_monomorphic	0.002976190476190476	0
EAS	chr11_2074764_A_G	excluded_low_frequency_or_monomorphic	0.002976190476190476	0
EAS	chr11_2076043_C_A	excluded_low_frequency_or_monomorphic	0.002976190476190476	0
EAS	chr11_2076311_A_C	excluded_low_frequency_or_monomorphic	0.002976190476190476	0
EAS	chr11_2076844_T_C	excluded_low_frequency_or_monomorphic	0.0	0
EAS	chr11_2077310_A_G	excluded_low_frequency_or_monomorphic	0.003968253968253968	0
EAS	chr11_2077866_C_T	excluded_low_frequency_or_monomorphic	0.0	0
EAS	chr11_2077895_T_G	excluded_low_frequency_or_monomorphic	0.0	0
EAS	chr11_2078005_C_G	excluded_low_frequency_or_monomorphic	0.002976190476190476	0
EAS	chr11_2078639_G_A	excluded_low_frequency_or_monomorphic	0.0	0
EAS	chr11_2078679_T_C	excluded_low_frequency_or_monomorphic	0.0	0
EAS	chr11_2078745_A_T	excluded_low_frequency_or_monomorphic	0.002976190476190476	0
EAS	chr11_2079295_A_G	excluded_low_frequency_or_monomorphic	0.0	0
EAS	chr11_2080572_A_C	excluded_low_frequency_or_monomorphic	0.0	0
EAS	chr11_2082061_G_A	excluded_low_frequency_or_monomorphic	0.002976190476190476	0
EAS	chr11_2082751_A_G	excluded_low_frequency_or_monomorphic	0.0	0
EAS	chr11_2082869_C_T	excluded_low_frequency_or_monomorphic	0.0	0
EAS	chr11_2083463_G_A	excluded_low_frequency_or_monomorphic	0.0	0
EAS	chr11_2083657_C_G	excluded_low_frequency_or_monomorphic	0.0	0
EAS	chr11_2083658_C_T	excluded_low_frequency_or_monomorphic	0.0	0
EAS	chr11_2085855_C_T	excluded_low_frequency_or_monomorphic	0.002976190476190476	0
EAS	chr11_2086270_C_T	excluded_low_frequency_or_monomorphic	0.003968253968253968	0
EAS	chr11_2086561_C_G	excluded_low_frequency_or_monomorphic	0.002976190476190476	0
EAS	chr11_2086893_CAGT_C	excluded_low_frequency_or_monomorphic	0.0	0
EAS	chr11_2087361_A_G	excluded_low_frequency_or_monomorphic	0.0	0
EAS	chr11_2087607_T_C	excluded_low_frequency_or_monomorphic	0.0	0
EAS	chr11_2088353_G_A	excluded_low_frequency_or_monomorphic	0.0	0
EAS	chr11_2090389_G_A	excluded_low_frequency_or_monomorphic	0.0	0
EAS	chr11_2090748_T_C	excluded_low_frequency_or_monomorphic	0.0	0
EAS	chr11_2091639_C_T	excluded_low_frequency_or_monomorphic	0.002976190476190476	0
EAS	chr11_2092999_C_G	excluded_low_frequency_or_monomorphic	0.002976190476190476	0
EAS	chr11_2094347_C_T	excluded_low_frequency_or_monomorphic	0.001984126984126984	0
EAS	chr11_2094579_G_A	excluded_low_frequency_or_monomorphic	0.0	0
EAS	chr11_2094739_C_T	excluded_low_frequency_or_monomorphic	0.0	0
EAS	chr11_2094762_G_A	excluded_low_frequency_or_monomorphic	0.001984126984126984	0
EAS	chr11_2095721_C_G	excluded_low_frequency_or_monomorphic	0.0	0
EAS	chr11_2095733_C_A	excluded_low_frequency_or_monomorphic	0.001984126984126984	0
EAS	chr11_2095878_C_T	excluded_low_frequency_or_monomorphic	0.0	0
EAS	chr11_2096158_C_T	excluded_low_frequency_or_monomorphic	0.0	0
EAS	chr11_2096564_C_G	excluded_low_frequency_or_monomorphic	0.0	0
EAS	chr11_2097177_C_A	excluded_low_frequency_or_monomorphic	0.000992063492063492	0
EAS	chr11_2097671_G_A	excluded_low_frequency_or_monomorphic	0.000992063492063492	0
EAS	chr11_2097923_A_G	excluded_low_frequency_or_monomorphic	0.0	0
EAS	chr11_2098122_C_T	excluded_low_frequency_or_monomorphic	0.000992063492063492	0
EAS	chr11_2099687_T_C	excluded_low_frequency_or_monomorphic	0.0	0
EAS	chr11_2101317_A_T	excluded_low_frequency_or_monomorphic	0.0	0
EAS	chr11_2101692_T_C	excluded_low_frequency_or_monomorphic	0.000992063492063492	0
EAS	chr11_2101748_G_T	excluded_low_frequency_or_monomorphic	0.0	0
EAS	chr11_2101749_A_T	excluded_low_frequency_or_monomorphic	0.0	0
EAS	chr11_2102146_A_AC	excluded_low_frequency_or_monomorphic	0.001984126984126984	0
EAS	chr11_2102842_G_A	excluded_low_frequency_or_monomorphic	0.0	0
EAS	chr11_2102868_G_A	excluded_low_frequency_or_monomorphic	0.0	0
EAS	chr11_2102978_A_C	excluded_low_frequency_or_monomorphic	0.001984126984126984	0
EAS	chr11_2103039_T_G	excluded_low_frequency_or_monomorphic	0.0	0
EAS	chr11_2103563_C_T	excluded_low_frequency_or_monomorphic	0.0	0
EAS	chr11_2104098_C_T	excluded_low_frequency_or_monomorphic	0.000992063492063492	0
EAS	chr11_2104159_C_T	excluded_low_frequency_or_monomorphic	0.000992063492063492	0
EAS	chr11_2104272_G_A	excluded_low_frequency_or_monomorphic	0.0	0
EAS	chr11_2105215_T_G	excluded_low_frequency_or_monomorphic	0.0	0
EAS	chr11_2105673_C_T	excluded_low_frequency_or_monomorphic	0.0	0
EAS	chr11_2106354_T_C	excluded_low_frequency_or_monomorphic	0.0	0
EAS	chr11_2106729_G_A	excluded_low_frequency_or_monomorphic	0.000992063492063492	0
EAS	chr11_2106930_T_C	excluded_low_frequency_or_monomorphic	0.0	0
EAS	chr11_2107216_C_A	excluded_low_frequency_or_monomorphic	0.0	0
EAS	chr11_2107742_G_A	excluded_low_frequency_or_monomorphic	0.000992063492063492	0
EAS	chr11_2107752_C_T	excluded_low_frequency_or_monomorphic	0.0	0
EAS	chr11_2108136_G_T	excluded_low_frequency_or_monomorphic	0.0	0
EAS	chr11_2108712_G_C	excluded_low_frequency_or_monomorphic	0.0	0
EAS	chr11_2108997_G_A	excluded_low_frequency_or_monomorphic	0.000992063492063492	0
EAS	chr11_2109059_G_A	excluded_low_frequency_or_monomorphic	0.0	0
EAS	chr11_2109585_G_A	excluded_low_frequency_or_monomorphic	0.0	0
EAS	chr11_2110046_T_C	excluded_low_frequency_or_monomorphic	0.000992063492063492	0
EAS	chr11_2111568_G_A	excluded_low_frequency_or_monomorphic	0.000992063492063492	0
EAS	chr11_2111990_C_T	excluded_low_frequency_or_monomorphic	0.000992063492063492	0
EAS	chr11_2112258_T_C	excluded_low_frequency_or_monomorphic	0.0	0
EAS	chr11_2113165_C_T	excluded_low_frequency_or_monomorphic	0.000992063492063492	0
EAS	chr11_2113904_C_G	excluded_low_frequency_or_monomorphic	0.0	0
EAS	chr11_2114221_T_C	excluded_low_frequency_or_monomorphic	0.001984126984126984	0
EAS	chr11_2114583_C_T	excluded_low_frequency_or_monomorphic	0.001984126984126984	0
EAS	chr11_2114811_T_C	excluded_low_frequency_or_monomorphic	0.0	0
EAS	chr11_2115454_C_T	excluded_low_frequency_or_monomorphic	0.0	0
EAS	chr11_2115636_A_G	excluded_low_frequency_or_monomorphic	0.0	0
EAS	chr11_2115704_C_T	excluded_low_frequency_or_monomorphic	0.0	0
EAS	chr11_2115906_C_T	excluded_low_frequency_or_monomorphic	0.000992063492063492	0
EAS	chr11_2116134_G_T	excluded_low_frequency_or_monomorphic	0.0	0
EAS	chr11_2116314_C_T	excluded_low_frequency_or_monomorphic	0.000992063492063492	0
EAS	chr11_2116519_C_T	excluded_low_frequency_or_monomorphic	0.0	0
EAS	chr11_2116668_G_T	excluded_low_frequency_or_monomorphic	0.0	0
EAS	chr11_2116887_C_T	excluded_low_frequency_or_monomorphic	0.0	0
EAS	chr11_2117063_T_C	excluded_low_frequency_or_monomorphic	0.0	0
EAS	chr11_2117677_C_T	excluded_low_frequency_or_monomorphic	0.005952380952380952	0
EAS	chr11_2118063_A_ACT	excluded_low_frequency_or_monomorphic	0.0	0
EAS	chr11_2118282_A_G	excluded_low_frequency_or_monomorphic	0.000992063492063492	0
EAS	chr11_2118403_A_C	excluded_low_frequency_or_monomorphic	0.0	0
EAS	chr11_2118815_G_A	excluded_low_frequency_or_monomorphic	0.0	0
EAS	chr11_2119046_G_A	excluded_low_frequency_or_monomorphic	0.0	0
EAS	chr11_2119119_G_T	excluded_low_frequency_or_monomorphic	0.0	0
EAS	chr11_2119159_G_A	excluded_low_frequency_or_monomorphic	0.0	0
EAS	chr11_2119780_C_A	excluded_low_frequency_or_monomorphic	0.000992063492063492	0
EAS	chr11_2119781_G_A	excluded_low_frequency_or_monomorphic	0.0	0
EAS	chr11_2119803_C_T	excluded_low_frequency_or_monomorphic	0.0	0
EAS	chr11_2120123_C_T	excluded_low_frequency_or_monomorphic	0.0	0
EAS	chr11_2120298_A_G	excluded_low_frequency_or_monomorphic	0.000992063492063492	0
EAS	chr11_2120805_A_G	excluded_low_frequency_or_monomorphic	0.000992063492063492	0
EAS	chr11_2121017_G_A	excluded_low_frequency_or_monomorphic	0.001984126984126984	0
EAS	chr11_2040128_A_G	retained	0.026785714285714284	0
EAS	chr11_2063051_C_T	retained	0.24206349206349206	0
EAS	chr11_2063598_G_A	retained	0.24305555555555555	0
EAS	chr11_2063846_C_T	retained	0.25595238095238093	0
EAS	chr11_2064769_A_G	retained	0.25595238095238093	0
EAS	chr11_2065099_T_C	retained	0.24305555555555555	0
EAS	chr11_2065330_T_C	retained	0.10119047619047619	0
EAS	chr11_2065765_C_A	retained	0.24107142857142858	0
EAS	chr11_2065900_C_T	retained	0.24206349206349206	0
EAS	chr11_2066031_T_G	retained	0.24206349206349206	0
EAS	chr11_2066970_G_A	retained	0.14087301587301587	0
EAS	chr11_2067320_C_T	retained	0.251984126984127	0
EAS	chr11_2068243_A_AT	retained	0.10119047619047619	0
EAS	chr11_2068717_A_G	retained	0.4196428571428571	0
EAS	chr11_2068776_A_G	retained	0.14484126984126985	0
EAS	chr11_2069125_TCTCCATACTCCATTTTCCACA_T	retained	0.23015873015873015	0
EAS	chr11_2070333_C_T	retained	0.251984126984127	0
EAS	chr11_2070570_C_T	retained	0.25297619047619047	0
EAS	chr11_2070813_A_C	retained	0.08531746031746032	0
EAS	chr11_2070926_A_T	retained	0.25396825396825395	0
EAS	chr11_2070993_T_G	retained	0.32242063492063494	0
EAS	chr11_2070994_C_T	retained	0.32242063492063494	0
EAS	chr11_2072504_T_C	retained	0.3928571428571429	0
EAS	chr11_2072834_C_T	retained	0.18452380952380953	0
EAS	chr11_2073182_A_G	retained	0.2777777777777778	0
EAS	chr11_2073378_C_T	retained	0.31646825396825395	0
EAS	chr11_2073444_A_G	retained	0.3244047619047619	0
EAS	chr11_2073476_A_C	retained	0.3244047619047619	0
EAS	chr11_2073913_A_G	retained	0.3948412698412699	0
EAS	chr11_2074576_C_A	retained	0.39781746031746035	0
EAS	chr11_2075149_A_G	retained	0.39682539682539686	0
EAS	chr11_2075252_T_C	retained	0.39682539682539686	0
EAS	chr11_2075577_G_A	retained	0.39682539682539686	0
EAS	chr11_2075720_C_G	retained	0.2708333333333333	0
EAS	chr11_2075736_C_T	retained	0.39781746031746035	0
EAS	chr11_2076798_T_C	retained	0.39583333333333337	0
EAS	chr11_2076994_T_C	retained	0.19345238095238096	0
EAS	chr11_2077046_CCA_C	retained	0.251984126984127	0
EAS	chr11_2077056_T_G	retained	0.251984126984127	0
EAS	chr11_2077271_C_T	retained	0.18253968253968253	0
EAS	chr11_2077486_A_G	retained	0.3551587301587302	0
EAS	chr11_2078638_T_C	retained	0.3998015873015873	0
EAS	chr11_2078742_G_A	retained	0.3998015873015873	0
EAS	chr11_2078858_A_AT	retained	0.3998015873015873	0
EAS	chr11_2080254_A_G	retained	0.4007936507936508	0
EAS	chr11_2080612_C_T	retained	0.2708333333333333	0
EAS	chr11_2081637_C_CT	retained	0.3333333333333333	0
EAS	chr11_2081917_A_G	retained	0.26686507936507936	0
EAS	chr11_2082423_C_T	retained	0.4037698412698413	0
EAS	chr11_2082702_C_CA	retained	0.40476190476190477	0
EAS	chr11_2082990_C_T	retained	0.26884920634920634	0
EAS	chr11_2083709_C_T	retained	0.40476190476190477	0
EAS	chr11_2084014_C_T	retained	0.40575396825396826	0
EAS	chr11_2084913_T_C	retained	0.33035714285714285	0
EAS	chr11_2086132_G_A	retained	0.4037698412698413	0
EAS	chr11_2087220_T_C	retained	0.3263888888888889	0
EAS	chr11_2087412_A_T	retained	0.31845238095238093	0
EAS	chr11_2087727_T_G	retained	0.4037698412698413	0
EAS	chr11_2087911_T_C	retained	0.4037698412698413	0
EAS	chr11_2088229_C_T	retained	0.3115079365079365	0
EAS	chr11_2089861_A_G	retained	0.4037698412698413	0
EAS	chr11_2090336_T_G	retained	0.4117063492063492	0
EAS	chr11_2090456_T_G	retained	0.2777777777777778	0
EAS	chr11_2092983_G_C	retained	0.3125	0
EAS	chr11_2093065_C_T	retained	0.2728174603174603	0
EAS	chr11_2093603_C_A	retained	0.2767857142857143	0
EAS	chr11_2093897_G_A	retained	0.310515873015873	0
EAS	chr11_2094303_C_T	retained	0.2757936507936508	0
EAS	chr11_2094599_G_A	retained	0.2757936507936508	0
EAS	chr11_2094852_T_C	retained	0.2757936507936508	0
EAS	chr11_2095273_C_T	retained	0.2698412698412698	0
EAS	chr11_2095799_A_G	retained	0.26884920634920634	0
EAS	chr11_2095814_GACA_G	retained	0.31646825396825395	0
EAS	chr11_2095968_T_C	retained	0.2648809523809524	0
EAS	chr11_2096707_G_A	retained	0.3194444444444444	0
EAS	chr11_2096908_C_T	retained	0.26587301587301587	0
EAS	chr11_2096919_G_A	retained	0.2648809523809524	0
EAS	chr11_2097561_T_C	retained	0.32043650793650796	0
EAS	chr11_2097954_C_T	retained	0.2648809523809524	0
EAS	chr11_2098180_AC_A	retained	0.2638888888888889	0
EAS	chr11_2098701_A_AT	retained	0.2648809523809524	0
EAS	chr11_2099684_T_C	retained	0.2638888888888889	0
EAS	chr11_2099854_G_A	retained	0.32242063492063494	0
EAS	chr11_2101283_G_A	retained	0.2628968253968254	0
EAS	chr11_2101345_C_T	retained	0.2638888888888889	0
EAS	chr11_2101804_G_A	retained	0.2638888888888889	0
EAS	chr11_2102033_G_A	retained	0.32341269841269843	0
EAS	chr11_2103063_T_C	retained	0.31845238095238093	0
EAS	chr11_2103073_T_TC	retained	0.314484126984127	0
EAS	chr11_2104138_A_G	retained	0.4265873015873016	0
EAS	chr11_2107025_C_T	retained	0.4265873015873016	0
EAS	chr11_2107107_G_A	retained	0.251984126984127	0
EAS	chr11_2107122_C_T	retained	0.251984126984127	0
EAS	chr11_2107154_G_A	retained	0.04662698412698413	0
EAS	chr11_2107655_C_A	retained	0.251984126984127	0
EAS	chr11_2107761_C_T	retained	0.4265873015873016	0
EAS	chr11_2107854_G_T	retained	0.42559523809523814	0
EAS	chr11_2108072_G_A	retained	0.42559523809523814	0
EAS	chr11_2108091_G_GAGTC	retained	0.32043650793650796	0
EAS	chr11_2108689_C_T	retained	0.2509920634920635	0
EAS	chr11_2108794_C_T	retained	0.251984126984127	0
EAS	chr11_2109282_GC_G	retained	0.251984126984127	0
EAS	chr11_2109320_TG_T	retained	0.2509920634920635	0
EAS	chr11_2109650_G_GC	retained	0.3194444444444444	0
EAS	chr11_2110067_G_A	retained	0.31746031746031744	0
EAS	chr11_2111124_C_G	retained	0.2222222222222222	0
EAS	chr11_2111243_A_G	retained	0.44146825396825395	0
EAS	chr11_2111386_G_C	retained	0.21726190476190477	0
EAS	chr11_2111406_A_C	retained	0.44047619047619047	0
EAS	chr11_2111509_A_G	retained	0.44146825396825395	0
EAS	chr11_2111531_A_G	retained	0.44047619047619047	0
EAS	chr11_2113931_G_A	retained	0.4771825396825397	0
EAS	chr11_2114571_C_G	retained	0.4563492063492064	0
EAS	chr11_2115390_C_T	retained	0.041666666666666664	0
EAS	chr11_2116492_C_G	retained	0.4821428571428571	0
EAS	chr11_2116493_T_A	retained	0.4821428571428571	0
EAS	chr11_2116686_G_C	retained	0.4821428571428571	0
EAS	chr11_2116776_T_C	retained	0.4831349206349206	0
EAS	chr11_2117403_A_G	retained	0.4811507936507936	0
EAS	chr11_2118338_C_CGCTCTGAG	retained	0.1775793650793651	0
EAS	chr11_2118860_T_G	retained	0.4751984126984127	0
EAS	chr11_2119283_C_T	retained	0.16865079365079366	0
SAS	chr11_2040476_C_T	excluded_low_frequency_or_monomorphic	0.002044989775051125	0
SAS	chr11_2074316_C_T	excluded_low_frequency_or_monomorphic	0.0	0
SAS	chr11_2074632_A_C	excluded_low_frequency_or_monomorphic	0.0	0
SAS	chr11_2076844_T_C	excluded_low_frequency_or_monomorphic	0.0	0
SAS	chr11_2077895_T_G	excluded_low_frequency_or_monomorphic	0.002044989775051125	0
SAS	chr11_2078639_G_A	excluded_low_frequency_or_monomorphic	0.002044989775051125	0
SAS	chr11_2078679_T_C	excluded_low_frequency_or_monomorphic	0.003067484662576687	0
SAS	chr11_2079295_A_G	excluded_low_frequency_or_monomorphic	0.0	0
SAS	chr11_2082751_A_G	excluded_low_frequency_or_monomorphic	0.0	0
SAS	chr11_2082869_C_T	excluded_low_frequency_or_monomorphic	0.0	0
SAS	chr11_2083463_G_A	excluded_low_frequency_or_monomorphic	0.0	0
SAS	chr11_2083657_C_G	excluded_low_frequency_or_monomorphic	0.0	0
SAS	chr11_2083658_C_T	excluded_low_frequency_or_monomorphic	0.0	0
SAS	chr11_2086893_CAGT_C	excluded_low_frequency_or_monomorphic	0.0	0
SAS	chr11_2087361_A_G	excluded_low_frequency_or_monomorphic	0.0	0
SAS	chr11_2087607_T_C	excluded_low_frequency_or_monomorphic	0.0	0
SAS	chr11_2088353_G_A	excluded_low_frequency_or_monomorphic	0.0010224948875255625	0
SAS	chr11_2090389_G_A	excluded_low_frequency_or_monomorphic	0.0	0
SAS	chr11_2094579_G_A	excluded_low_frequency_or_monomorphic	0.0	0
SAS	chr11_2094739_C_T	excluded_low_frequency_or_monomorphic	0.002044989775051125	0
SAS	chr11_2095721_C_G	excluded_low_frequency_or_monomorphic	0.0010224948875255625	0
SAS	chr11_2095878_C_T	excluded_low_frequency_or_monomorphic	0.0010224948875255625	0
SAS	chr11_2096158_C_T	excluded_low_frequency_or_monomorphic	0.003067484662576687	0
SAS	chr11_2096564_C_G	excluded_low_frequency_or_monomorphic	0.0	0
SAS	chr11_2097177_C_A	excluded_low_frequency_or_monomorphic	0.0	0
SAS	chr11_2097923_A_G	excluded_low_frequency_or_monomorphic	0.0	0
SAS	chr11_2099687_T_C	excluded_low_frequency_or_monomorphic	0.002044989775051125	0
SAS	chr11_2101317_A_T	excluded_low_frequency_or_monomorphic	0.0	0
SAS	chr11_2102842_G_A	excluded_low_frequency_or_monomorphic	0.0	0
SAS	chr11_2102868_G_A	excluded_low_frequency_or_monomorphic	0.0010224948875255625	0
SAS	chr11_2103039_T_G	excluded_low_frequency_or_monomorphic	0.0	0
SAS	chr11_2104272_G_A	excluded_low_frequency_or_monomorphic	0.00408997955010225	0
SAS	chr11_2105215_T_G	excluded_low_frequency_or_monomorphic	0.0	0
SAS	chr11_2105673_C_T	excluded_low_frequency_or_monomorphic	0.0010224948875255625	0
SAS	chr11_2106354_T_C	excluded_low_frequency_or_monomorphic	0.0	0
SAS	chr11_2106930_T_C	excluded_low_frequency_or_monomorphic	0.0	0
SAS	chr11_2107154_G_A	excluded_low_frequency_or_monomorphic	0.002044989775051125	0
SAS	chr11_2107216_C_A	excluded_low_frequency_or_monomorphic	0.0	0
SAS	chr11_2107752_C_T	excluded_low_frequency_or_monomorphic	0.0	0
SAS	chr11_2108136_G_T	excluded_low_frequency_or_monomorphic	0.0010224948875255625	0
SAS	chr11_2108712_G_C	excluded_low_frequency_or_monomorphic	0.0	0
SAS	chr11_2109059_G_A	excluded_low_frequency_or_monomorphic	0.0010224948875255625	0
SAS	chr11_2112258_T_C	excluded_low_frequency_or_monomorphic	0.0010224948875255935	0
SAS	chr11_2113904_C_G	excluded_low_frequency_or_monomorphic	0.002044989775051125	0
SAS	chr11_2114811_T_C	excluded_low_frequency_or_monomorphic	0.0	0
SAS	chr11_2115454_C_T	excluded_low_frequency_or_monomorphic	0.003067484662576687	0
SAS	chr11_2115636_A_G	excluded_low_frequency_or_monomorphic	0.002044989775051125	0
SAS	chr11_2115704_C_T	excluded_low_frequency_or_monomorphic	0.0	0
SAS	chr11_2115906_C_T	excluded_low_frequency_or_monomorphic	0.0	0
SAS	chr11_2116134_G_T	excluded_low_frequency_or_monomorphic	0.002044989775051125	0
SAS	chr11_2116519_C_T	excluded_low_frequency_or_monomorphic	0.0	0
SAS	chr11_2116668_G_T	excluded_low_frequency_or_monomorphic	0.002044989775051125	0
SAS	chr11_2116887_C_T	excluded_low_frequency_or_monomorphic	0.0	0
SAS	chr11_2117063_T_C	excluded_low_frequency_or_monomorphic	0.0	0
SAS	chr11_2117677_C_T	excluded_low_frequency_or_monomorphic	0.0	0
SAS	chr11_2118063_A_ACT	excluded_low_frequency_or_monomorphic	0.0	0
SAS	chr11_2118403_A_C	excluded_low_frequency_or_monomorphic	0.0	0
SAS	chr11_2118815_G_A	excluded_low_frequency_or_monomorphic	0.0	0
SAS	chr11_2119046_G_A	excluded_low_frequency_or_monomorphic	0.0	0
SAS	chr11_2119119_G_T	excluded_low_frequency_or_monomorphic	0.0	0
SAS	chr11_2119159_G_A	excluded_low_frequency_or_monomorphic	0.0	0
SAS	chr11_2119781_G_A	excluded_low_frequency_or_monomorphic	0.0	0
SAS	chr11_2119803_C_T	excluded_low_frequency_or_monomorphic	0.0	0
SAS	chr11_2121017_G_A	excluded_low_frequency_or_monomorphic	0.002044989775051125	0
SAS	chr11_2040128_A_G	retained	0.049079754601226995	0
SAS	chr11_2063051_C_T	retained	0.3292433537832311	0
SAS	chr11_2063598_G_A	retained	0.34151329243353784	0
SAS	chr11_2063846_C_T	retained	0.3374233128834356	0
SAS	chr11_2064769_A_G	retained	0.3456032719836401	0
SAS	chr11_2065099_T_C	retained	0.3374233128834356	0
SAS	chr11_2065330_T_C	retained	0.09815950920245399	0
SAS	chr11_2065765_C_A	retained	0.3343558282208589	0
SAS	chr11_2065900_C_T	retained	0.3374233128834356	0
SAS	chr11_2066031_T_G	retained	0.3374233128834356	0
SAS	chr11_2066970_G_A	retained	0.24028629856850717	0
SAS	chr11_2067320_C_T	retained	0.34151329243353784	0
SAS	chr11_2068243_A_AT	retained	0.09815950920245399	0
SAS	chr11_2068717_A_G	retained	0.2566462167689162	0
SAS	chr11_2068776_A_G	retained	0.24130879345603273	0
SAS	chr11_2068968_C_T	retained	0.034764826175869123	0
SAS	chr11_2069125_TCTCCATACTCCATTTTCCACA_T	retained	0.3128834355828221	0
SAS	chr11_2070333_C_T	retained	0.33844580777096117	0
SAS	chr11_2070570_C_T	retained	0.3374233128834356	0
SAS	chr11_2070813_A_C	retained	0.05623721881390593	0
SAS	chr11_2070926_A_T	retained	0.33844580777096117	0
SAS	chr11_2070993_T_G	retained	0.4069529652351738	0
SAS	chr11_2070994_C_T	retained	0.4069529652351738	0
SAS	chr11_2072097_C_T	retained	0.03680981595092025	0
SAS	chr11_2072504_T_C	retained	0.310838445807771	0
SAS	chr11_2072719_A_T	retained	0.03783231083844581	0
SAS	chr11_2072834_C_T	retained	0.15132924335378323	0
SAS	chr11_2073182_A_G	retained	0.22699386503067484	0
SAS	chr11_2073378_C_T	retained	0.418200408997955	0
SAS	chr11_2073444_A_G	retained	0.418200408997955	0
SAS	chr11_2073476_A_C	retained	0.418200408997955	0
SAS	chr11_2073913_A_G	retained	0.3169734151329243	0
SAS	chr11_2074376_A_G	retained	0.07157464212678936	0
SAS	chr11_2074576_C_A	retained	0.3220858895705522	0
SAS	chr11_2074763_T_TG	retained	0.03783231083844581	0
SAS	chr11_2074764_A_G	retained	0.03783231083844581	0
SAS	chr11_2075149_A_G	retained	0.3220858895705522	0
SAS	chr11_2075252_T_C	retained	0.3220858895705522	0
SAS	chr11_2075577_G_A	retained	0.3220858895705522	0
SAS	chr11_2075720_C_G	retained	0.21574642126789367	0
SAS	chr11_2075736_C_T	retained	0.32310838445807766	0
SAS	chr11_2076043_C_A	retained	0.0705521472392638	0
SAS	chr11_2076311_A_C	retained	0.0705521472392638	0
SAS	chr11_2076798_T_C	retained	0.3210633946830266	0
SAS	chr11_2076994_T_C	retained	0.1359918200408998	0
SAS	chr11_2077046_CCA_C	retained	0.13803680981595093	0
SAS	chr11_2077056_T_G	retained	0.13803680981595093	0
SAS	chr11_2077271_C_T	retained	0.13803680981595093	0
SAS	chr11_2077310_A_G	retained	0.03885480572597137	0
SAS	chr11_2077486_A_G	retained	0.4233128834355828	0
SAS	chr11_2077866_C_T	retained	0.03169734151329243	0
SAS	chr11_2078005_C_G	retained	0.03885480572597137	0
SAS	chr11_2078638_T_C	retained	0.38752556237218816	0
SAS	chr11_2078742_G_A	retained	0.3936605316973415	0
SAS	chr11_2078745_A_T	retained	0.03885480572597137	0
SAS	chr11_2078858_A_AT	retained	0.38752556237218816	0
SAS	chr11_2080254_A_G	retained	0.38752556237218816	0
SAS	chr11_2080572_A_C	retained	0.019427402862985686	0
SAS	chr11_2080612_C_T	retained	0.1492842535787321	0
SAS	chr11_2081637_C_CT	retained	0.46319018404907975	0
SAS	chr11_2081917_A_G	retained	0.1492842535787321	0
SAS	chr11_2082061_G_A	retained	0.03885480572597137	0
SAS	chr11_2082423_C_T	retained	0.38752556237218816	0
SAS	chr11_2082702_C_CA	retained	0.38650306748466257	0
SAS	chr11_2082990_C_T	retained	0.18813905930470348	0
SAS	chr11_2083709_C_T	retained	0.38957055214723924	0
SAS	chr11_2084014_C_T	retained	0.38854805725971375	0
SAS	chr11_2084913_T_C	retained	0.4621676891615542	0
SAS	chr11_2085855_C_T	retained	0.03885480572597137	0
SAS	chr11_2086132_G_A	retained	0.38752556237218816	0
SAS	chr11_2086270_C_T	retained	0.03885480572597137	0
SAS	chr11_2086561_C_G	retained	0.032719836400818	0
SAS	chr11_2087220_T_C	retained	0.4233128834355828	0
SAS	chr11_2087412_A_T	retained	0.4233128834355828	0
SAS	chr11_2087727_T_G	retained	0.38650306748466257	0
SAS	chr11_2087911_T_C	retained	0.38650306748466257	0
SAS	chr11_2088229_C_T	retained	0.3895705521472393	0
SAS	chr11_2089861_A_G	retained	0.38650306748466257	0
SAS	chr11_2090336_T_G	retained	0.38650306748466257	0
SAS	chr11_2090456_T_G	retained	0.22392638036809817	0
SAS	chr11_2090748_T_C	retained	0.032719836400818	0
SAS	chr11_2091639_C_T	retained	0.032719836400818	0
SAS	chr11_2092983_G_C	retained	0.4222903885480573	0
SAS	chr11_2092999_C_G	retained	0.032719836400818	0
SAS	chr11_2093065_C_T	retained	0.15030674846625766	0
SAS	chr11_2093603_C_A	retained	0.18302658486707565	0
SAS	chr11_2093897_G_A	retained	0.4222903885480573	0
SAS	chr11_2094303_C_T	retained	0.18302658486707565	0
SAS	chr11_2094347_C_T	retained	0.03374233128834356	0
SAS	chr11_2094599_G_A	retained	0.18302658486707565	0
SAS	chr11_2094762_G_A	retained	0.032719836400818	0
SAS	chr11_2094852_T_C	retained	0.18200408997955012	0
SAS	chr11_2095273_C_T	retained	0.15030674846625766	0
SAS	chr11_2095733_C_A	retained	0.032719836400818	0
SAS	chr11_2095799_A_G	retained	0.18404907975460122	0
SAS	chr11_2095814_GACA_G	retained	0.49897750511247446	0
SAS	chr11_2095968_T_C	retained	0.18302658486707565	0
SAS	chr11_2096707_G_A	retained	0.4989775051124744	0
SAS	chr11_2096908_C_T	retained	0.18302658486707565	0
SAS	chr11_2096919_G_A	retained	0.15030674846625766	0
SAS	chr11_2097561_T_C	retained	0.4989775051124744	0
SAS	chr11_2097671_G_A	retained	0.03374233128834356	0
SAS	chr11_2097954_C_T	retained	0.18404907975460122	0
SAS	chr11_2098122_C_T	retained	0.03374233128834356	0
SAS	chr11_2098180_AC_A	retained	0.15030674846625766	0
SAS	chr11_2098701_A_AT	retained	0.18404907975460122	0
SAS	chr11_2099684_T_C	retained	0.15030674846625766	0
SAS	chr11_2099854_G_A	retained	0.4887525562372188	0
SAS	chr11_2101283_G_A	retained	0.15132924335378323	0
SAS	chr11_2101345_C_T	retained	0.18916155419222905	0
SAS	chr11_2101692_T_C	retained	0.03885480572597137	0
SAS	chr11_2101748_G_T	retained	0.011247443762781187	0
SAS	chr11_2101749_A_T	retained	0.011247443762781187	0
SAS	chr11_2101804_G_A	retained	0.18813905930470348	0
SAS	chr11_2102033_G_A	retained	0.4754601226993865	0
SAS	chr11_2102146_A_AC	retained	0.014314928425357873	0
SAS	chr11_2102978_A_C	retained	0.03680981595092025	0
SAS	chr11_2103063_T_C	retained	0.49386503067484666	0
SAS	chr11_2103073_T_TC	retained	0.4979550102249489	0
SAS	chr11_2103563_C_T	retained	0.010224948875255624	0
SAS	chr11_2104098_C_T	retained	0.03067484662576687	0
SAS	chr11_2104138_A_G	retained	0.3394683026584867	0
SAS	chr11_2104159_C_T	retained	0.03067484662576687	0
SAS	chr11_2106729_G_A	retained	0.03169734151329243	0
SAS	chr11_2107025_C_T	retained	0.3394683026584867	0
SAS	chr11_2107107_G_A	retained	0.15439672801635992	0
SAS	chr11_2107122_C_T	retained	0.15439672801635992	0
SAS	chr11_2107655_C_A	retained	0.15337423312883436	0
SAS	chr11_2107742_G_A	retained	0.03169734151329243	0
SAS	chr11_2107761_C_T	retained	0.3394683026584867	0
SAS	chr11_2107854_G_T	retained	0.3394683026584867	0
SAS	chr11_2108072_G_A	retained	0.3394683026584867	0
SAS	chr11_2108091_G_GAGTC	retained	0.4734151329243354	0
SAS	chr11_2108689_C_T	retained	0.15337423312883436	0
SAS	chr11_2108794_C_T	retained	0.18507157464212678	0
SAS	chr11_2108997_G_A	retained	0.032719836400818	0
SAS	chr11_2109282_GC_G	retained	0.18507157464212678	0
SAS	chr11_2109320_TG_T	retained	0.15439672801635992	0
SAS	chr11_2109585_G_A	retained	0.018404907975460124	0
SAS	chr11_2109650_G_GC	retained	0.4723926380368098	0
SAS	chr11_2110046_T_C	retained	0.03374233128834356	0
SAS	chr11_2110067_G_A	retained	0.47648261758691207	0
SAS	chr11_2111124_C_G	retained	0.3312883435582822	0
SAS	chr11_2111243_A_G	retained	0.3394683026584867	0
SAS	chr11_2111386_G_C	retained	0.1574642126789366	0
SAS	chr11_2111406_A_C	retained	0.3394683026584867	0
SAS	chr11_2111509_A_G	retained	0.3394683026584867	0
SAS	chr11_2111531_A_G	retained	0.3384458077709611	0
SAS	chr11_2111568_G_A	retained	0.026584867075664622	0
SAS	chr11_2111990_C_T	retained	0.026584867075664622	0
SAS	chr11_2113165_C_T	retained	0.032719836400818	0
SAS	chr11_2113931_G_A	retained	0.4120654396728016	0
SAS	chr11_2114221_T_C	retained	0.032719836400818	0
SAS	chr11_2114571_C_G	retained	0.33435582822085885	0
SAS	chr11_2114583_C_T	retained	0.027607361963190184	0
SAS	chr11_2115390_C_T	retained	0.1656441717791411	0
SAS	chr11_2116314_C_T	retained	0.016359918200409	0
SAS	chr11_2116492_C_G	retained	0.4703476482617587	0
SAS	chr11_2116493_T_A	retained	0.4703476482617587	0
SAS	chr11_2116686_G_C	retained	0.4979550102249489	0
SAS	chr11_2116776_T_C	retained	0.47137014314928427	0
SAS	chr11_2117403_A_G	retained	0.4989775051124744	0
SAS	chr11_2118282_A_G	retained	0.028629856850715747	0
SAS	chr11_2118338_C_CGCTCTGAG	retained	0.1390593047034765	0
SAS	chr11_2118860_T_G	retained	0.483640081799591	0
SAS	chr11_2119283_C_T	retained	0.13701431492842536	0
SAS	chr11_2119780_C_A	retained	0.019427402862985686	0
SAS	chr11_2120123_C_T	retained	0.012269938650306749	0
SAS	chr11_2120298_A_G	retained	0.041922290388548056	0
SAS	chr11_2120805_A_G	retained	0.03067484662576687	0
AMR	chr11_2080572_A_C	excluded_low_frequency_or_monomorphic	0.005763688760806916	0
AMR	chr11_2088353_G_A	excluded_low_frequency_or_monomorphic	0.007204610951008645	0
AMR	chr11_2095721_C_G	excluded_low_frequency_or_monomorphic	0.008645533141210375	0
AMR	chr11_2097923_A_G	excluded_low_frequency_or_monomorphic	0.007204610951008645	0
AMR	chr11_2099687_T_C	excluded_low_frequency_or_monomorphic	0.008645533141210375	0
AMR	chr11_2103563_C_T	excluded_low_frequency_or_monomorphic	0.007204610951008645	0
AMR	chr11_2109585_G_A	excluded_low_frequency_or_monomorphic	0.005763688760806916	0
AMR	chr11_2113904_C_G	excluded_low_frequency_or_monomorphic	0.008645533141210375	0
AMR	chr11_2115454_C_T	excluded_low_frequency_or_monomorphic	0.005763688760806916	0
AMR	chr11_2115636_A_G	excluded_low_frequency_or_monomorphic	0.001440922190201729	0
AMR	chr11_2116134_G_T	excluded_low_frequency_or_monomorphic	0.004322766570605188	0
AMR	chr11_2116668_G_T	excluded_low_frequency_or_monomorphic	0.005763688760806916	0
AMR	chr11_2040128_A_G	retained	0.05187319884726225	0
AMR	chr11_2040476_C_T	retained	0.023054755043227664	0
AMR	chr11_2063051_C_T	retained	0.2737752161383285	0
AMR	chr11_2063598_G_A	retained	0.3256484149855908	0
AMR	chr11_2063846_C_T	retained	0.3242074927953891	0
AMR	chr11_2064769_A_G	retained	0.3285302593659942	0
AMR	chr11_2065099_T_C	retained	0.3270893371757925	0
AMR	chr11_2065330_T_C	retained	0.10086455331412104	0
AMR	chr11_2065765_C_A	retained	0.3270893371757925	0
AMR	chr11_2065900_C_T	retained	0.3270893371757925	0
AMR	chr11_2066031_T_G	retained	0.3270893371757925	0
AMR	chr11_2066970_G_A	retained	0.22622478386167147	0
AMR	chr11_2067320_C_T	retained	0.3270893371757925	0
AMR	chr11_2068243_A_AT	retained	0.09798270893371758	0
AMR	chr11_2068717_A_G	retained	0.20749279538904897	0
AMR	chr11_2068776_A_G	retained	0.2334293948126801	0
AMR	chr11_2068968_C_T	retained	0.027377521613832854	0
AMR	chr11_2069125_TCTCCATACTCCATTTTCCACA_T	retained	0.2910662824207493	0
AMR	chr11_2070333_C_T	retained	0.3559077809798271	0
AMR	chr11_2070570_C_T	retained	0.3559077809798271	0
AMR	chr11_2070813_A_C	retained	0.11095100864553314	0
AMR	chr11_2070926_A_T	retained	0.3559077809798271	0
AMR	chr11_2070993_T_G	retained	0.43804034582132567	0
AMR	chr11_2070994_C_T	retained	0.43804034582132567	0
AMR	chr11_2072097_C_T	retained	0.03170028818443804	0
AMR	chr11_2072504_T_C	retained	0.16570605187319887	0
AMR	chr11_2072719_A_T	retained	0.056195965417867436	0
AMR	chr11_2072834_C_T	retained	0.14985590778097982	0
AMR	chr11_2073182_A_G	retained	0.1829971181556196	0
AMR	chr11_2073378_C_T	retained	0.40922190201729103	0
AMR	chr11_2073444_A_G	retained	0.40922190201729103	0
AMR	chr11_2073476_A_C	retained	0.40922190201729103	0
AMR	chr11_2073913_A_G	retained	0.15417867435158505	0
AMR	chr11_2074316_C_T	retained	0.012968299711815562	0
AMR	chr11_2074376_A_G	retained	0.10518731988472622	0
AMR	chr11_2074576_C_A	retained	0.15417867435158505	0
AMR	chr11_2074632_A_C	retained	0.011527377521613832	0
AMR	chr11_2074763_T_TG	retained	0.03890489913544669	0
AMR	chr11_2074764_A_G	retained	0.03890489913544669	0
AMR	chr11_2075149_A_G	retained	0.15417867435158505	0
AMR	chr11_2075252_T_C	retained	0.15417867435158505	0
AMR	chr11_2075577_G_A	retained	0.1556195965417867	0
AMR	chr11_2075720_C_G	retained	0.1729106628242075	0
AMR	chr11_2075736_C_T	retained	0.15417867435158505	0
AMR	chr11_2076043_C_A	retained	0.10230547550432277	0
AMR	chr11_2076311_A_C	retained	0.10518731988472622	0
AMR	chr11_2076798_T_C	retained	0.15417867435158505	0
AMR	chr11_2076844_T_C	retained	0.011527377521613832	0
AMR	chr11_2076994_T_C	retained	0.15129682997118155	0
AMR	chr11_2077046_CCA_C	retained	0.15417867435158503	0
AMR	chr11_2077056_T_G	retained	0.15417867435158503	0
AMR	chr11_2077271_C_T	retained	0.15129682997118155	0
AMR	chr11_2077310_A_G	retained	0.053314121037463975	0
AMR	chr11_2077486_A_G	retained	0.3890489913544669	0
AMR	chr11_2077866_C_T	retained	0.05043227665706052	0
AMR	chr11_2077895_T_G	retained	0.027377521613832854	0
AMR	chr11_2078005_C_G	retained	0.03602305475504323	0
AMR	chr11_2078638_T_C	retained	0.15706051873198845	0
AMR	chr11_2078639_G_A	retained	0.027377521613832854	0
AMR	chr11_2078679_T_C	retained	0.020172910662824207	0
AMR	chr11_2078742_G_A	retained	0.16282420749279536	0
AMR	chr11_2078745_A_T	retained	0.03602305475504323	0
AMR	chr11_2078858_A_AT	retained	0.15706051873198845	0
AMR	chr11_2079295_A_G	retained	0.01440922190201729	0
AMR	chr11_2080254_A_G	retained	0.1556195965417867	0
AMR	chr11_2080612_C_T	retained	0.15417867435158503	0
AMR	chr11_2081637_C_CT	retained	0.3198847262247838	0
AMR	chr11_2081917_A_G	retained	0.15561959654178675	0
AMR	chr11_2082061_G_A	retained	0.05475504322766571	0
AMR	chr11_2082423_C_T	retained	0.15417867435158505	0
AMR	chr11_2082702_C_CA	retained	0.1556195965417867	0
AMR	chr11_2082751_A_G	retained	0.012968299711815562	0
AMR	chr11_2082869_C_T	retained	0.012968299711815562	0
AMR	chr11_2082990_C_T	retained	0.23631123919308358	0
AMR	chr11_2083463_G_A	retained	0.01440922190201729	0
AMR	chr11_2083657_C_G	retained	0.012968299711815562	0
AMR	chr11_2083658_C_T	retained	0.012968299711815562	0
AMR	chr11_2083709_C_T	retained	0.15417867435158505	0
AMR	chr11_2084014_C_T	retained	0.15417867435158505	0
AMR	chr11_2084913_T_C	retained	0.31268011527377526	0
AMR	chr11_2085855_C_T	retained	0.0792507204610951	0
AMR	chr11_2086132_G_A	retained	0.15417867435158505	0
AMR	chr11_2086270_C_T	retained	0.05187319884726225	0
AMR	chr11_2086561_C_G	retained	0.03025936599423631	0
AMR	chr11_2086893_CAGT_C	retained	0.027377521613832854	0
AMR	chr11_2087220_T_C	retained	0.39048991354466855	0
AMR	chr11_2087361_A_G	retained	0.020172910662824207	0
AMR	chr11_2087412_A_T	retained	0.39048991354466855	0
AMR	chr11_2087607_T_C	retained	0.012968299711815562	0
AMR	chr11_2087727_T_G	retained	0.15129682997118155	0
AMR	chr11_2087911_T_C	retained	0.15417867435158505	0
AMR	chr11_2088229_C_T	retained	0.44092219020172907	0
AMR	chr11_2089861_A_G	retained	0.1527377521613833	0
AMR	chr11_2090336_T_G	retained	0.17579250720461093	0
AMR	chr11_2090389_G_A	retained	0.012968299711815562	0
AMR	chr11_2090456_T_G	retained	0.260806916426513	0
AMR	chr11_2090748_T_C	retained	0.05475504322766571	0
AMR	chr11_2091639_C_T	retained	0.04610951008645533	0
AMR	chr11_2092983_G_C	retained	0.38760806916426516	0
AMR	chr11_2092999_C_G	retained	0.04610951008645533	0
AMR	chr11_2093065_C_T	retained	0.15417867435158503	0
AMR	chr11_2093603_C_A	retained	0.1988472622478386	0
AMR	chr11_2093897_G_A	retained	0.3890489913544669	0
AMR	chr11_2094303_C_T	retained	0.207492795389049	0
AMR	chr11_2094347_C_T	retained	0.03025936599423631	0
AMR	chr11_2094579_G_A	retained	0.012968299711815562	0
AMR	chr11_2094599_G_A	retained	0.20317002881844382	0
AMR	chr11_2094739_C_T	retained	0.024495677233429394	0
AMR	chr11_2094762_G_A	retained	0.03025936599423631	0
AMR	chr11_2094852_T_C	retained	0.20028818443804033	0
AMR	chr11_2095273_C_T	retained	0.15706051873198848	0
AMR	chr11_2095733_C_A	retained	0.07348703170028818	0
AMR	chr11_2095799_A_G	retained	0.22622478386167147	0
AMR	chr11_2095814_GACA_G	retained	0.39048991354466855	0
AMR	chr11_2095878_C_T	retained	0.01585014409221902	0
AMR	chr11_2095968_T_C	retained	0.22910662824207492	0
AMR	chr11_2096158_C_T	retained	0.020172910662824207	0
AMR	chr11_2096564_C_G	retained	0.018731988472622477	0
AMR	chr11_2096707_G_A	retained	0.38760806916426516	0
AMR	chr11_2096908_C_T	retained	0.17723342939481268	0
AMR	chr11_2096919_G_A	retained	0.14697406340057637	0
AMR	chr11_2097177_C_A	retained	0.01440922190201729	0
AMR	chr11_2097561_T_C	retained	0.38760806916426516	0
AMR	chr11_2097671_G_A	retained	0.053314121037463975	0
AMR	chr11_2097954_C_T	retained	0.1988472622478386	0
AMR	chr11_2098122_C_T	retained	0.05187319884726225	0
AMR	chr11_2098180_AC_A	retained	0.1440922190201729	0
AMR	chr11_2098701_A_AT	retained	0.1988472622478386	0
AMR	chr11_2099684_T_C	retained	0.1440922190201729	0
AMR	chr11_2099854_G_A	retained	0.38760806916426516	0
AMR	chr11_2101283_G_A	retained	0.14697406340057637	0
AMR	chr11_2101317_A_T	retained	0.024495677233429394	0
AMR	chr11_2101345_C_T	retained	0.2017291066282421	0
AMR	chr11_2101692_T_C	retained	0.056195965417867436	0
AMR	chr11_2101748_G_T	retained	0.012968299711815562	0
AMR	chr11_2101749_A_T	retained	0.012968299711815562	0
AMR	chr11_2101804_G_A	retained	0.20317002881844382	0
AMR	chr11_2102033_G_A	retained	0.3919308357348703	0
AMR	chr11_2102146_A_AC	retained	0.025936599423631124	0
AMR	chr11_2102842_G_A	retained	0.024495677233429394	0
AMR	chr11_2102868_G_A	retained	0.023054755043227664	0
AMR	chr11_2102978_A_C	retained	0.04178674351585014	0
AMR	chr11_2103039_T_G	retained	0.020172910662824207	0
AMR	chr11_2103063_T_C	retained	0.3227665706051873	0
AMR	chr11_2103073_T_TC	retained	0.3242074927953891	0
AMR	chr11_2104098_C_T	retained	0.040345821325648415	0
AMR	chr11_2104138_A_G	retained	0.1469740634005764	0
AMR	chr11_2104159_C_T	retained	0.040345821325648415	0
AMR	chr11_2104272_G_A	retained	0.023054755043227664	0
AMR	chr11_2105215_T_G	retained	0.025936599423631124	0
AMR	chr11_2105673_C_T	retained	0.018731988472622477	0
AMR	chr11_2106354_T_C	retained	0.023054755043227664	0
AMR	chr11_2106729_G_A	retained	0.06628242074927954	0
AMR	chr11_2106930_T_C	retained	0.012968299711815562	0
AMR	chr11_2107025_C_T	retained	0.16714697406340062	0
AMR	chr11_2107107_G_A	retained	0.1484149855907781	0
AMR	chr11_2107122_C_T	retained	0.1484149855907781	0
AMR	chr11_2107154_G_A	retained	0.010086455331412104	0
AMR	chr11_2107216_C_A	retained	0.010086455331412104	0
AMR	chr11_2107655_C_A	retained	0.1484149855907781	0
AMR	chr11_2107742_G_A	retained	0.043227665706051875	0
AMR	chr11_2107752_C_T	retained	0.023054755043227664	0
AMR	chr11_2107761_C_T	retained	0.19020172910662825	0
AMR	chr11_2107854_G_T	retained	0.16858789625360227	0
AMR	chr11_2108072_G_A	retained	0.16714697406340062	0
AMR	chr11_2108091_G_GAGTC	retained	0.39337175792507206	0
AMR	chr11_2108136_G_T	retained	0.010086455331412104	0
AMR	chr11_2108689_C_T	retained	0.1484149855907781	0
AMR	chr11_2108712_G_C	retained	0.023054755043227664	0
AMR	chr11_2108794_C_T	retained	0.2132564841498559	0
AMR	chr11_2108997_G_A	retained	0.07636887608069164	0
AMR	chr11_2109059_G_A	retained	0.010086455331412104	0
AMR	chr11_2109282_GC_G	retained	0.2017291066282421	0
AMR	chr11_2109320_TG_T	retained	0.14985590778097982	0
AMR	chr11_2109650_G_GC	retained	0.37608069164265134	0
AMR	chr11_2110046_T_C	retained	0.05475504322766571	0
AMR	chr11_2110067_G_A	retained	0.39337175792507206	0
AMR	chr11_2111124_C_G	retained	0.15994236311239196	0
AMR	chr11_2111243_A_G	retained	0.14409221902017288	0
AMR	chr11_2111386_G_C	retained	0.14985590778097982	0
AMR	chr11_2111406_A_C	retained	0.14409221902017288	0
AMR	chr11_2111509_A_G	retained	0.16282420749279536	0
AMR	chr11_2111531_A_G	retained	0.16282420749279536	0
AMR	chr11_2111568_G_A	retained	0.03170028818443804	0
AMR	chr11_2111990_C_T	retained	0.03170028818443804	0
AMR	chr11_2112258_T_C	retained	0.03746397694524495	0
AMR	chr11_2113165_C_T	retained	0.037463976945244955	0
AMR	chr11_2113931_G_A	retained	0.2838616714697406	0
AMR	chr11_2114221_T_C	retained	0.0446685878962536	0
AMR	chr11_2114571_C_G	retained	0.1642651296829971	0
AMR	chr11_2114583_C_T	retained	0.05475504322766571	0
AMR	chr11_2114811_T_C	retained	0.021613832853025938	0
AMR	chr11_2115390_C_T	retained	0.1729106628242075	0
AMR	chr11_2115704_C_T	retained	0.03170028818443804	0
AMR	chr11_2115906_C_T	retained	0.03602305475504323	0
AMR	chr11_2116314_C_T	retained	0.02881844380403458	0
AMR	chr11_2116492_C_G	retained	0.27377521613832856	0
AMR	chr11_2116493_T_A	retained	0.26224783861671475	0
AMR	chr11_2116519_C_T	retained	0.03602305475504323	0
AMR	chr11_2116686_G_C	retained	0.2002881844380403	0
AMR	chr11_2116776_T_C	retained	0.32708933717579247	0
AMR	chr11_2116887_C_T	retained	0.03602305475504323	0
AMR	chr11_2117063_T_C	retained	0.01585014409221902	0
AMR	chr11_2117403_A_G	retained	0.20317002881844382	0
AMR	chr11_2117677_C_T	retained	0.15417867435158503	0
AMR	chr11_2118063_A_ACT	retained	0.018731988472622477	0
AMR	chr11_2118282_A_G	retained	0.056195965417867436	0
AMR	chr11_2118338_C_CGCTCTGAG	retained	0.14697406340057637	0
AMR	chr11_2118403_A_C	retained	0.01585014409221902	0
AMR	chr11_2118815_G_A	retained	0.0345821325648415	0
AMR	chr11_2118860_T_G	retained	0.24351585014409227	0
AMR	chr11_2119046_G_A	retained	0.012968299711815562	0
AMR	chr11_2119119_G_T	retained	0.02881844380403458	0
AMR	chr11_2119159_G_A	retained	0.018731988472622477	0
AMR	chr11_2119283_C_T	retained	0.07204610951008646	0
AMR	chr11_2119780_C_A	retained	0.024495677233429394	0
AMR	chr11_2119781_G_A	retained	0.012968299711815562	0
AMR	chr11_2119803_C_T	retained	0.01585014409221902	0
AMR	chr11_2120123_C_T	retained	0.03314121037463977	0
AMR	chr11_2120298_A_G	retained	0.09510086455331412	0
AMR	chr11_2120805_A_G	retained	0.08645533141210375	0
AMR	chr11_2121017_G_A	retained	0.025936599423631124	0
